link_stub,rank,title,lifetime_gross,year,actor_actress
/title/tt2488496/?ref_=bo_cso_table_1,1,Star Wars: Episode VII - The Force Awakens,"$936,662,225",2015,Daisy Ridley
/title/tt4154796/?ref_=bo_cso_table_2,2,Avengers: Endgame,"$858,373,000",2019,Robert Downey Jr.
/title/tt0499549/?ref_=bo_cso_table_3,3,Avatar,"$760,507,625",2009,Sam Worthington
/title/tt1825683/?ref_=bo_cso_table_4,4,Black Panther,"$700,426,566",2018,Chadwick Boseman
/title/tt4154756/?ref_=bo_cso_table_5,5,Avengers: Infinity War,"$678,815,482",2018,Robert Downey Jr.
/title/tt0120338/?ref_=bo_cso_table_6,6,Titanic,"$659,363,944",1997,Leonardo DiCaprio
/title/tt0369610/?ref_=bo_cso_table_7,7,Jurassic World,"$652,385,625",2015,Chris Pratt
/title/tt0848228/?ref_=bo_cso_table_8,8,The Avengers,"$623,357,910",2012,Robert Downey Jr.
/title/tt2527336/?ref_=bo_cso_table_9,9,Star Wars: Episode VIII - The Last Jedi,"$620,181,382",2017,Daisy Ridley
/title/tt3606756/?ref_=bo_cso_table_10,10,Incredibles 2,"$608,581,744",2018,Craig T. Nelson
/title/tt6105098/?ref_=bo_cso_table_11,11,The Lion King,"$543,638,043",2019,Donald Glover
/title/tt0468569/?ref_=bo_cso_table_12,12,The Dark Knight,"$534,858,444",2008,Christian Bale
/title/tt3748528/?ref_=bo_cso_table_13,13,Rogue One: A Star Wars Story,"$532,177,324",2016,Felicity Jones
/title/tt2527338/?ref_=bo_cso_table_14,14,Star Wars: Episode IX - The Rise of Skywalker,"$515,202,542",2019,Daisy Ridley
/title/tt2771200/?ref_=bo_cso_table_15,15,Beauty and the Beast,"$504,481,165",2017,Emma Watson
/title/tt2277860/?ref_=bo_cso_table_16,16,Finding Dory,"$486,295,561",2016,Ellen DeGeneres
/title/tt4520988/?ref_=bo_cso_table_17,17,Frozen II,"$477,373,578",2019,Kristen Bell
/title/tt0120915/?ref_=bo_cso_table_18,18,Star Wars: Episode I - The Phantom Menace,"$474,544,677",1999,Ewan McGregor
/title/tt0076759/?ref_=bo_cso_table_19,19,Star Wars: Episode IV - A New Hope,"$460,998,507",1977,Mark Hamill
/title/tt2395427/?ref_=bo_cso_table_20,20,Avengers: Age of Ultron,"$459,005,868",2015,Robert Downey Jr.
/title/tt1345836/?ref_=bo_cso_table_21,21,The Dark Knight Rises,"$448,139,099",2012,Christian Bale
/title/tt0298148/?ref_=bo_cso_table_22,22,Shrek 2,"$441,226,247",2004,Mike Myers
/title/tt0083866/?ref_=bo_cso_table_23,23,E.T. the Extra-Terrestrial,"$435,110,554",1982,Henry Thomas
/title/tt1979376/?ref_=bo_cso_table_24,24,Toy Story 4,"$434,038,008",2019,Tom Hanks
/title/tt4154664/?ref_=bo_cso_table_25,25,Captain Marvel,"$426,829,839",2019,Brie Larson
/title/tt1951264/?ref_=bo_cso_table_26,26,The Hunger Games: Catching Fire,"$424,668,047",2013,Jennifer Lawrence
/title/tt0383574/?ref_=bo_cso_table_27,27,Pirates of the Caribbean: Dead Man's Chest,"$423,315,812",2006,Johnny Depp
/title/tt0110357/?ref_=bo_cso_table_28,28,The Lion King,"$422,783,777",1994,Matthew Broderick
/title/tt4881806/?ref_=bo_cso_table_29,29,Jurassic World: Fallen Kingdom,"$417,719,760",2018,Chris Pratt
/title/tt0435761/?ref_=bo_cso_table_30,30,Toy Story 3,"$415,004,880",2010,Tom Hanks
/title/tt0451279/?ref_=bo_cso_table_31,31,Wonder Woman,"$412,815,408",2017,Gal Gadot
/title/tt1300854/?ref_=bo_cso_table_32,32,Iron Man 3,"$409,013,994",2013,Robert Downey Jr.
/title/tt3498820/?ref_=bo_cso_table_33,33,Captain America: Civil War,"$408,084,349",2016,Chris Evans
/title/tt1392170/?ref_=bo_cso_table_34,34,The Hunger Games,"$408,010,692",2012,Jennifer Lawrence
/title/tt0145487/?ref_=bo_cso_table_35,35,Spider-Man,"$407,022,860",2002,Tobey Maguire
/title/tt2283362/?ref_=bo_cso_table_36,36,Jumanji: Welcome to the Jungle,"$404,540,171",2017,Dwayne Johnson
/title/tt0107290/?ref_=bo_cso_table_37,37,Jurassic Park,"$404,214,720",1993,Sam Neill
/title/tt1055369/?ref_=bo_cso_table_38,38,Transformers: Revenge of the Fallen,"$402,111,870",2009,Shia LaBeouf
/title/tt2294629/?ref_=bo_cso_table_39,39,Frozen,"$400,953,009",2013,Kristen Bell
/title/tt6320628/?ref_=bo_cso_table_40,40,Spider-Man: Far from Home,"$390,532,085",2019,Tom Holland
/title/tt3896198/?ref_=bo_cso_table_41,41,Guardians of the Galaxy Vol. 2,"$389,813,101",2017,Chris Pratt
/title/tt1201607/?ref_=bo_cso_table_42,42,Harry Potter and the Deathly Hallows: Part 2,"$381,409,310",2011,Daniel Radcliffe
/title/tt0266543/?ref_=bo_cso_table_43,43,Finding Nemo,"$380,843,261",2003,Albert Brooks
/title/tt0121766/?ref_=bo_cso_table_44,44,Star Wars: Episode III - Revenge of the Sith,"$380,270,577",2005,Hayden Christensen
/title/tt0167260/?ref_=bo_cso_table_45,45,The Lord of the Rings: The Return of the King,"$377,845,905",2003,Elijah Wood
/title/tt0316654/?ref_=bo_cso_table_46,46,Spider-Man 2,"$373,585,825",2004,Tobey Maguire
/title/tt0335345/?ref_=bo_cso_table_47,47,The Passion of the Christ,"$370,782,930",2004,Jim Caviezel
/title/tt2709768/?ref_=bo_cso_table_48,48,The Secret Life of Pets,"$368,384,330",2016,Louis C.K.
/title/tt1690953/?ref_=bo_cso_table_49,49,Despicable Me 2,"$368,065,385",2013,Steve Carell
/title/tt3040964/?ref_=bo_cso_table_50,50,The Jungle Book,"$364,001,123",2016,Neel Sethi
/title/tt1431045/?ref_=bo_cso_table_51,51,Deadpool,"$363,070,709",2016,Ryan Reynolds
/title/tt2096673/?ref_=bo_cso_table_52,52,Inside Out,"$356,921,711",2015,Amy Poehler
/title/tt6139732/?ref_=bo_cso_table_53,53,Aladdin,"$355,559,216",2019,Will Smith
/title/tt2820852/?ref_=bo_cso_table_54,54,Furious 7,"$353,007,020",2015,Vin Diesel
/title/tt1399103/?ref_=bo_cso_table_55,55,Transformers: Dark of the Moon,"$352,390,543",2011,Shia LaBeouf
/title/tt2179136/?ref_=bo_cso_table_56,56,American Sniper,"$350,126,372",2014,Bradley Cooper
/title/tt0167261/?ref_=bo_cso_table_57,57,The Lord of the Rings: The Two Towers,"$342,551,365",2002,Elijah Wood
/title/tt2948356/?ref_=bo_cso_table_58,58,Zootopia,"$341,268,248",2016,Ginnifer Goodwin
/title/tt1951265/?ref_=bo_cso_table_59,59,The Hunger Games: Mockingjay - Part 1,"$337,135,885",2014,Jennifer Lawrence
/title/tt0413300/?ref_=bo_cso_table_60,60,Spider-Man 3,"$336,530,303",2007,Tobey Maguire
/title/tt2293640/?ref_=bo_cso_table_61,61,Minions,"$336,045,770",2015,Sandra Bullock
/title/tt7286456/?ref_=bo_cso_table_62,62,Joker,"$335,451,311",2019,Joaquin Phoenix
/title/tt1477834/?ref_=bo_cso_table_63,63,Aquaman,"$335,061,807",2018,Jason Momoa
/title/tt2250912/?ref_=bo_cso_table_64,64,Spider-Man: Homecoming,"$334,201,140",2017,Tom Holland
/title/tt1014759/?ref_=bo_cso_table_65,65,Alice in Wonderland,"$334,191,110",2010,Mia Wasikowska
/title/tt2015381/?ref_=bo_cso_table_66,66,Guardians of the Galaxy,"$333,718,600",2014,Chris Pratt
/title/tt0109830/?ref_=bo_cso_table_67,67,Forrest Gump,"$330,455,270",1994,Tom Hanks
/title/tt2975590/?ref_=bo_cso_table_68,68,Batman v Superman: Dawn of Justice,"$330,360,194",2016,Ben Affleck
/title/tt1396484/?ref_=bo_cso_table_69,69,It,"$328,828,874",2017,Bill Skarsgård
/title/tt1386697/?ref_=bo_cso_table_70,70,Suicide Squad,"$325,100,054",2016,Will Smith
/title/tt5463162/?ref_=bo_cso_table_71,71,Deadpool 2,"$324,591,735",2018,Ryan Reynolds
/title/tt0413267/?ref_=bo_cso_table_72,72,Shrek the Third,"$322,719,944",2007,Mike Myers
/title/tt7975244/?ref_=bo_cso_table_73,73,Jumanji: The Next Level,"$320,314,960",2019,Dwayne Johnson
/title/tt0418279/?ref_=bo_cso_table_74,74,Transformers,"$319,246,193",2007,Shia LaBeouf
/title/tt0371746/?ref_=bo_cso_table_75,75,Iron Man,"$319,034,126",2008,Robert Downey Jr.
/title/tt0241527/?ref_=bo_cso_table_76,76,Harry Potter and the Sorcerer's Stone,"$318,087,620",2001,Daniel Radcliffe
/title/tt0367882/?ref_=bo_cso_table_77,77,Indiana Jones and the Kingdom of the Crystal Skull,"$317,101,119",2008,Harrison Ford
/title/tt0120737/?ref_=bo_cso_table_78,78,The Lord of the Rings: The Fellowship of the Ring,"$315,710,750",2001,Elijah Wood
/title/tt3501632/?ref_=bo_cso_table_79,79,Thor: Ragnarok,"$315,058,289",2017,Chris Hemsworth
/title/tt1228705/?ref_=bo_cso_table_80,80,Iron Man 2,"$312,433,331",2010,Robert Downey Jr.
/title/tt0121765/?ref_=bo_cso_table_81,81,Star Wars: Episode II - Attack of the Clones,"$310,676,740",2002,Hayden Christensen
/title/tt0449088/?ref_=bo_cso_table_82,82,Pirates of the Caribbean: At World's End,"$309,420,425",2007,Johnny Depp
/title/tt0086190/?ref_=bo_cso_table_83,83,Star Wars: Episode VI - Return of the Jedi,"$309,306,177",1983,Mark Hamill
/title/tt0116629/?ref_=bo_cso_table_84,84,Independence Day,"$306,169,268",1996,Will Smith
/title/tt0325980/?ref_=bo_cso_table_85,85,Pirates of the Caribbean: The Curse of the Black Pearl,"$305,413,918",2003,Johnny Depp
/title/tt1074638/?ref_=bo_cso_table_86,86,Skyfall,"$304,360,277",2012,Daniel Craig
/title/tt0903624/?ref_=bo_cso_table_87,87,The Hobbit: An Unexpected Journey,"$303,003,568",2012,Martin Freeman
/title/tt0417741/?ref_=bo_cso_table_88,88,Harry Potter and the Half-Blood Prince,"$302,305,431",2009,Daniel Radcliffe
/title/tt1325004/?ref_=bo_cso_table_89,89,The Twilight Saga: Eclipse,"$300,531,751",2010,Kristen Stewart
/title/tt1259571/?ref_=bo_cso_table_90,90,The Twilight Saga: New Moon,"$297,816,253",2009,Kristen Stewart
/title/tt0926084/?ref_=bo_cso_table_91,91,Harry Potter and the Deathly Hallows: Part 1,"$296,347,721",2010,Daniel Radcliffe
/title/tt0167404/?ref_=bo_cso_table_92,92,The Sixth Sense,"$293,506,292",1999,Bruce Willis
/title/tt1049413/?ref_=bo_cso_table_93,93,Up,"$293,004,164",2009,Edward Asner
/title/tt0080684/?ref_=bo_cso_table_94,94,Star Wars: Episode V - The Empire Strikes Back,"$292,753,960",1980,Mark Hamill
/title/tt1375666/?ref_=bo_cso_table_95,95,Inception,"$292,576,195",2010,Leonardo DiCaprio
/title/tt0373889/?ref_=bo_cso_table_96,96,Harry Potter and the Order of the Phoenix,"$292,353,413",2007,Daniel Radcliffe
/title/tt1673434/?ref_=bo_cso_table_97,97,The Twilight Saga: Breaking Dawn - Part 2,"$292,324,737",2012,Kristen Stewart
/title/tt0363771/?ref_=bo_cso_table_98,98,"The Chronicles of Narnia: The Lion, the Witch and the Wardrobe","$291,710,957",2005,Tilda Swinton
/title/tt0770828/?ref_=bo_cso_table_99,99,Man of Steel,"$291,045,518",2013,Henry Cavill
/title/tt0198781/?ref_=bo_cso_table_100,100,"Monsters, Inc.","$290,642,256",2001,Billy Crystal
/title/tt0330373/?ref_=bo_cso_table_101,101,Harry Potter and the Goblet of Fire,"$290,417,905",2005,Daniel Radcliffe
/title/tt0099785/?ref_=bo_cso_table_102,102,Home Alone,"$285,761,243",1990,Macaulay Culkin
/title/tt1951266/?ref_=bo_cso_table_103,103,The Hunger Games: Mockingjay - Part 2,"$281,723,902",2015,Jennifer Lawrence
/title/tt0234215/?ref_=bo_cso_table_104,104,The Matrix Reloaded,"$281,576,461",2003,Keanu Reeves
/title/tt1324999/?ref_=bo_cso_table_105,105,The Twilight Saga: Breaking Dawn - Part 1,"$281,287,133",2011,Kristen Stewart
/title/tt0290002/?ref_=bo_cso_table_106,106,Meet the Fockers,"$279,261,160",2004,Ben Stiller
/title/tt1119646/?ref_=bo_cso_table_107,107,The Hangover,"$277,322,503",2009,Zach Galifianakis
/title/tt1454468/?ref_=bo_cso_table_108,108,Gravity,"$274,092,705",2013,Sandra Bullock
/title/tt2709692/?ref_=bo_cso_table_109,109,The Grinch,"$271,094,731",2018,Benedict Cumberbatch
/title/tt3470600/?ref_=bo_cso_table_110,110,Sing,"$270,448,425",2016,Matthew McConaughey
/title/tt1453405/?ref_=bo_cso_table_111,111,Monsters University,"$268,492,764",2013,Billy Crystal
/title/tt0126029/?ref_=bo_cso_table_112,112,Shrek,"$267,665,011",2001,Mike Myers
/title/tt3469046/?ref_=bo_cso_table_113,113,Despicable Me 3,"$264,624,300",2017,Steve Carell
/title/tt0295297/?ref_=bo_cso_table_114,114,Harry Potter and the Chamber of Secrets,"$262,450,136",2002,Daniel Radcliffe
/title/tt0948470/?ref_=bo_cso_table_115,115,The Amazing Spider-Man,"$262,030,663",2012,Andrew Garfield
/title/tt0317705/?ref_=bo_cso_table_116,116,The Incredibles,"$261,441,092",2004,Craig T. Nelson
/title/tt0073195/?ref_=bo_cso_table_117,117,Jaws,"$260,758,300",1975,Roy Scheider
/title/tt0170016/?ref_=bo_cso_table_118,118,How the Grinch Stole Christmas,"$260,465,005",2000,Jim Carrey
/title/tt1843866/?ref_=bo_cso_table_119,119,Captain America: The Winter Soldier,"$259,766,572",2014,Chris Evans
/title/tt1170358/?ref_=bo_cso_table_120,120,The Hobbit: The Desolation of Smaug,"$258,366,855",2013,Ian McKellen
/title/tt1490017/?ref_=bo_cso_table_121,121,The Lego Movie,"$257,760,692",2014,Chris Pratt
/title/tt0796366/?ref_=bo_cso_table_122,122,Star Trek,"$257,730,019",2009,Chris Pine
/title/tt0480249/?ref_=bo_cso_table_123,123,I Am Legend,"$256,393,010",2007,Will Smith
/title/tt0878804/?ref_=bo_cso_table_124,124,The Blind Side,"$255,959,475",2009,Quinton Aaron
/title/tt2310332/?ref_=bo_cso_table_125,125,The Hobbit: The Battle of the Five Armies,"$255,119,788",2014,Ian McKellen
/title/tt1411697/?ref_=bo_cso_table_126,126,The Hangover Part II,"$254,464,305",2011,Bradley Cooper
/title/tt1323594/?ref_=bo_cso_table_127,127,Despicable Me,"$251,513,985",2010,Steve Carell
/title/tt0096895/?ref_=bo_cso_table_128,128,Batman,"$251,348,343",1989,Michael Keaton
/title/tt0477347/?ref_=bo_cso_table_129,129,Night at the Museum,"$250,863,268",2006,Ben Stiller
/title/tt0119654/?ref_=bo_cso_table_130,130,Men in Black,"$250,690,539",1997,Tommy Lee Jones
/title/tt0304141/?ref_=bo_cso_table_131,131,Harry Potter and the Prisoner of Azkaban,"$249,975,996",2004,Daniel Radcliffe
/title/tt3521164/?ref_=bo_cso_table_132,132,Moana,"$248,757,044",2016,Auli'i Cravalho
/title/tt0082971/?ref_=bo_cso_table_133,133,Indiana Jones and the Raiders of the Lost Ark,"$248,159,971",1981,Harrison Ford
/title/tt0120363/?ref_=bo_cso_table_134,134,Toy Story 2,"$245,852,179",1999,Tom Hanks
/title/tt2109248/?ref_=bo_cso_table_135,135,Transformers: Age of Extinction,"$245,439,076",2014,Mark Wahlberg
/title/tt0317219/?ref_=bo_cso_table_136,136,Cars,"$244,082,982",2006,Owen Wilson
/title/tt0087332/?ref_=bo_cso_table_137,137,Ghostbusters,"$243,187,079",1984,Bill Murray
/title/tt0315327/?ref_=bo_cso_table_138,138,Bruce Almighty,"$242,829,261",2003,Jim Carrey
/title/tt0117998/?ref_=bo_cso_table_139,139,Twister,"$241,721,524",1996,Helen Hunt
/title/tt0259446/?ref_=bo_cso_table_140,140,My Big Fat Greek Wedding,"$241,438,208",2002,Nia Vardalos
/title/tt1587310/?ref_=bo_cso_table_141,141,Maleficent,"$241,410,378",2014,Angelina Jolie
/title/tt1298650/?ref_=bo_cso_table_142,142,Pirates of the Caribbean: On Stranger Tides,"$241,071,802",2011,Johnny Depp
/title/tt0892791/?ref_=bo_cso_table_143,143,Shrek Forever After,"$238,736,787",2010,Mike Myers
/title/tt1905041/?ref_=bo_cso_table_144,144,Fast & Furious 6,"$238,679,850",2013,Vin Diesel
/title/tt1217209/?ref_=bo_cso_table_145,145,Brave,"$237,283,207",2012,Kelly Macdonald
/title/tt1623205/?ref_=bo_cso_table_146,146,Oz the Great and Powerful,"$234,911,825",2013,James Franco
/title/tt0086960/?ref_=bo_cso_table_147,147,Beverly Hills Cop,"$234,760,478",1984,Eddie Murphy
/title/tt0376994/?ref_=bo_cso_table_148,148,X-Men: The Last Stand,"$234,362,462",2006,Patrick Stewart
/title/tt0407304/?ref_=bo_cso_table_149,149,War of the Worlds,"$234,280,354",2005,Tom Cruise
/title/tt3183660/?ref_=bo_cso_table_150,150,Fantastic Beasts and Where to Find Them,"$234,037,575",2016,Eddie Redmayne
/title/tt1877832/?ref_=bo_cso_table_151,151,X-Men: Days of Future Past,"$233,921,534",2014,Patrick Stewart
/title/tt0162222/?ref_=bo_cso_table_152,152,Cast Away,"$233,632,142",2000,Tom Hanks
/title/tt0070047/?ref_=bo_cso_table_153,153,The Exorcist,"$232,906,145",1973,Ellen Burstyn
/title/tt1211837/?ref_=bo_cso_table_154,154,Doctor Strange,"$232,641,920",2016,Benedict Cumberbatch
/title/tt0119567/?ref_=bo_cso_table_155,155,The Lost World: Jurassic Park,"$229,086,679",1997,Jeff Goldblum
/title/tt0974015/?ref_=bo_cso_table_156,156,Justice League,"$229,024,295",2017,Ben Affleck
/title/tt1408101/?ref_=bo_cso_table_157,157,Star Trek Into Darkness,"$228,778,661",2013,Chris Pine
/title/tt3659388/?ref_=bo_cso_table_158,158,The Martian,"$228,433,663",2015,Matt Damon
/title/tt0286106/?ref_=bo_cso_table_159,159,Signs,"$227,966,634",2002,Mel Gibson
/title/tt0448157/?ref_=bo_cso_table_160,160,Hancock,"$227,946,274",2008,Will Smith
/title/tt0440963/?ref_=bo_cso_table_161,161,The Bourne Ultimatum,"$227,471,070",2007,Matt Damon
/title/tt3315342/?ref_=bo_cso_table_162,162,Logan,"$226,277,068",2017,Hugh Jackman
/title/tt0266915/?ref_=bo_cso_table_163,163,Rush Hour 2,"$226,164,286",2001,Jackie Chan
/title/tt4630562/?ref_=bo_cso_table_164,164,The Fate of the Furious,"$226,008,385",2017,Vin Diesel
/title/tt0910970/?ref_=bo_cso_table_165,165,WALL·E,"$223,808,164",2008,Ben Burtt
/title/tt0114709/?ref_=bo_cso_table_166,166,Toy Story,"$223,225,679",1995,Tom Hanks
/title/tt2245084/?ref_=bo_cso_table_167,167,Big Hero 6,"$222,527,828",2014,Ryan Potter
/title/tt4912910/?ref_=bo_cso_table_168,168,Mission: Impossible - Fallout,"$220,159,104",2018,Tom Cruise
/title/tt0465234/?ref_=bo_cso_table_169,169,National Treasure: Book of Secrets,"$219,964,115",2007,Nicolas Cage
/title/tt1231580/?ref_=bo_cso_table_170,170,Alvin and the Chipmunks: The Squeakquel,"$219,614,612",2009,Jason Lee
/title/tt0107614/?ref_=bo_cso_table_171,171,Mrs. Doubtfire,"$219,195,243",1993,Robin Williams
/title/tt0101414/?ref_=bo_cso_table_172,172,Beauty and the Beast,"$218,967,620",1991,Paige O'Hara
/title/tt1637725/?ref_=bo_cso_table_173,173,Ted,"$218,815,487",2012,Mark Wahlberg
/title/tt0360717/?ref_=bo_cso_table_174,174,King Kong,"$218,080,025",2005,Naomi Watts
/title/tt0099653/?ref_=bo_cso_table_175,175,Ghost,"$217,631,306",1990,Patrick Swayze
/title/tt0892769/?ref_=bo_cso_table_176,176,How to Train Your Dragon,"$217,581,231",2010,Jay Baruchel
/title/tt0382625/?ref_=bo_cso_table_177,177,The Da Vinci Code,"$217,536,138",2006,Tom Hanks
/title/tt0103639/?ref_=bo_cso_table_178,178,Aladdin,"$217,350,219",1992,Scott Weinger
/title/tt0952640/?ref_=bo_cso_table_179,179,Alvin and the Chipmunks,"$217,326,974",2007,Jason Lee
/title/tt0120815/?ref_=bo_cso_table_180,180,Saving Private Ryan,"$217,049,603",1998,Tom Hanks
/title/tt1727824/?ref_=bo_cso_table_181,181,Bohemian Rhapsody,"$216,668,042",2018,Rami Malek
/title/tt5095030/?ref_=bo_cso_table_182,182,Ant-Man and the Wasp,"$216,648,740",2018,Paul Rudd
/title/tt1277953/?ref_=bo_cso_table_183,183,Madagascar 3: Europe's Most Wanted,"$216,391,482",2012,Ben Stiller
/title/tt0441773/?ref_=bo_cso_table_184,184,Kung Fu Panda,"$215,434,591",2008,Jack Black
/title/tt0120755/?ref_=bo_cso_table_185,185,Mission: Impossible II,"$215,409,889",2000,Tom Cruise
/title/tt1517451/?ref_=bo_cso_table_186,186,A Star Is Born,"$215,288,866",2018,Lady Gaga
/title/tt0290334/?ref_=bo_cso_table_187,187,X2: X-Men United,"$214,949,694",2003,Patrick Stewart
/title/tt1482459/?ref_=bo_cso_table_188,188,The Lorax,"$214,030,500",2012,Zac Efron
/title/tt3778644/?ref_=bo_cso_table_189,189,Solo: A Star Wars Story,"$213,767,512",2018,Alden Ehrenreich
/title/tt1270797/?ref_=bo_cso_table_190,190,Venom,"$213,515,506",2018,Tom Hardy
/title/tt0295178/?ref_=bo_cso_table_191,191,Austin Powers in Goldmember,"$213,307,889",2002,Mike Myers
/title/tt7349950/?ref_=bo_cso_table_192,192,It Chapter Two,"$211,593,228",2019,Jessica Chastain
/title/tt0088763/?ref_=bo_cso_table_193,193,Back to the Future,"$211,406,762",1985,Michael J. Fox
/title/tt0416449/?ref_=bo_cso_table_194,194,300,"$210,614,939",2007,Gerard Butler
/title/tt2380307/?ref_=bo_cso_table_195,195,Coco,"$210,460,015",2017,Anthony Gonzalez
/title/tt1596343/?ref_=bo_cso_table_196,196,Fast Five,"$209,837,675",2011,Vin Diesel
/title/tt1229238/?ref_=bo_cso_table_197,197,Mission: Impossible - Ghost Protocol,"$209,397,903",2011,Tom Cruise
/title/tt0396269/?ref_=bo_cso_table_198,198,Wedding Crashers,"$209,255,921",2005,Owen Wilson
/title/tt0988045/?ref_=bo_cso_table_199,199,Sherlock Holmes,"$209,028,679",2009,Robert Downey Jr.
/title/tt2103281/?ref_=bo_cso_table_200,200,Dawn of the Planet of the Apes,"$208,545,589",2014,Gary Oldman
/title/tt0372784/?ref_=bo_cso_table_1,201,Batman Begins,"$206,852,432",2005,Christian Bale
/title/tt0367594/?ref_=bo_cso_table_2,202,Charlie and the Chocolate Factory,"$206,459,076",2005,Johnny Depp
/title/tt0382932/?ref_=bo_cso_table_3,203,Ratatouille,"$206,445,654",2007,Brad Garrett
/title/tt1981115/?ref_=bo_cso_table_4,204,Thor: The Dark World,"$206,362,140",2013,Chris Hemsworth
/title/tt1502397/?ref_=bo_cso_table_5,205,Bad Boys for Life,"$206,305,244",2020,Will Smith
/title/tt0145660/?ref_=bo_cso_table_6,206,Austin Powers: The Spy Who Shagged Me,"$206,040,086",1999,Mike Myers
/title/tt0103064/?ref_=bo_cso_table_7,207,Terminator 2: Judgment Day,"$205,881,154",1991,Arnold Schwarzenegger
/title/tt1872181/?ref_=bo_cso_table_8,208,The Amazing Spider-Man 2,"$202,853,933",2014,Andrew Garfield
/title/tt0816711/?ref_=bo_cso_table_9,209,World War Z,"$202,359,711",2013,Brad Pitt
/title/tt0209163/?ref_=bo_cso_table_10,210,The Mummy Returns,"$202,019,785",2001,Brendan Fraser
/title/tt0120591/?ref_=bo_cso_table_11,211,Armageddon,"$201,578,182",1998,Bruce Willis
/title/tt1661199/?ref_=bo_cso_table_12,212,Cinderella,"$201,151,353",2015,Lily James
/title/tt5848272/?ref_=bo_cso_table_13,213,Ralph Breaks the Internet,"$201,091,711",2018,John C. Reilly
/title/tt0031381/?ref_=bo_cso_table_14,214,Gone with the Wind,"$200,852,579",1939,Clark Gable
/title/tt0398286/?ref_=bo_cso_table_15,215,Tangled,"$200,821,936",2010,Mandy Moore
/title/tt0831387/?ref_=bo_cso_table_16,216,Godzilla,"$200,676,069",2014,Aaron Taylor-Johnson
/title/tt0348150/?ref_=bo_cso_table_17,217,Superman Returns,"$200,081,192",2006,Brandon Routh
/title/tt2379713/?ref_=bo_cso_table_18,218,Spectre,"$200,074,609",2015,Daniel Craig
/title/tt0213149/?ref_=bo_cso_table_19,219,Pearl Harbor,"$198,542,554",2001,Ben Affleck
/title/tt0892782/?ref_=bo_cso_table_20,220,Monsters vs. Aliens,"$198,351,526",2009,Reese Witherspoon
/title/tt0366548/?ref_=bo_cso_table_21,221,Happy Feet,"$198,000,317",2006,Elijah Wood
/title/tt0097576/?ref_=bo_cso_table_22,222,Indiana Jones and the Last Crusade,"$197,171,806",1989,Harrison Ford
/title/tt1080016/?ref_=bo_cso_table_23,223,Ice Age: Dawn of the Dinosaurs,"$196,573,705",2009,Ray Romano
/title/tt0438097/?ref_=bo_cso_table_24,224,Ice Age: The Meltdown,"$195,330,621",2006,Ray Romano
/title/tt2381249/?ref_=bo_cso_table_25,225,Mission: Impossible - Rogue Nation,"$195,042,377",2015,Tom Cruise
/title/tt1099212/?ref_=bo_cso_table_26,226,Twilight,"$193,962,473",2008,Kristen Stewart
/title/tt0120912/?ref_=bo_cso_table_27,227,Men in Black II,"$193,735,288",2002,Tommy Lee Jones
/title/tt0351283/?ref_=bo_cso_table_28,228,Madagascar,"$193,595,521",2005,Chris Rock
/title/tt2294449/?ref_=bo_cso_table_29,229,22 Jump Street,"$191,719,337",2014,Channing Tatum
/title/tt1216475/?ref_=bo_cso_table_30,230,Cars 2,"$191,452,396",2011,Owen Wilson
/title/tt1291150/?ref_=bo_cso_table_31,231,Teenage Mutant Ninja Turtles,"$191,204,754",2014,Megan Fox
/title/tt4633694/?ref_=bo_cso_table_32,232,Spider-Man: Into the Spider-Verse,"$190,241,310",2018,Shameik Moore
/title/tt0077631/?ref_=bo_cso_table_33,233,Grease,"$190,071,103",1978,John Travolta
/title/tt5013056/?ref_=bo_cso_table_34,234,Dunkirk,"$189,740,665",2017,Fionn Whitehead
/title/tt1772341/?ref_=bo_cso_table_35,235,Wreck-It Ralph,"$189,422,889",2012,John C. Reilly
/title/tt6644200/?ref_=bo_cso_table_36,236,A Quiet Place,"$188,024,361",2018,Emily Blunt
/title/tt0816692/?ref_=bo_cso_table_37,237,Interstellar,"$188,020,017",2014,Matthew McConaughey
/title/tt0338348/?ref_=bo_cso_table_38,238,The Polar Express,"$187,935,490",2004,Tom Hanks
/title/tt0172495/?ref_=bo_cso_table_39,239,Gladiator,"$187,705,427",2000,Russell Crowe
/title/tt0481499/?ref_=bo_cso_table_40,240,The Croods,"$187,168,425",2013,Nicolas Cage
/title/tt1515091/?ref_=bo_cso_table_41,241,Sherlock Holmes: A Game of Shadows,"$186,848,418",2011,Robert Downey Jr.
/title/tt0319262/?ref_=bo_cso_table_42,242,The Day After Tomorrow,"$186,740,799",2004,Dennis Quaid
/title/tt0356910/?ref_=bo_cso_table_43,243,Mr. & Mrs. Smith,"$186,336,279",2005,Brad Pitt
/title/tt0029583/?ref_=bo_cso_table_44,244,Snow White and the Seven Dwarfs,"$184,925,486",1937,Adriana Caselotti
/title/tt2848292/?ref_=bo_cso_table_45,245,Pitch Perfect 2,"$184,296,230",2015,Anna Kendrick
/title/tt0099348/?ref_=bo_cso_table_46,246,Dances with Wolves,"$184,208,848",1990,Kevin Costner
/title/tt0112462/?ref_=bo_cso_table_47,247,Batman Forever,"$184,069,126",1995,Val Kilmer
/title/tt0106977/?ref_=bo_cso_table_48,248,The Fugitive,"$183,875,760",1993,Harrison Ford
/title/tt1663202/?ref_=bo_cso_table_49,249,The Revenant,"$183,637,894",2015,Leonardo DiCaprio
/title/tt0240772/?ref_=bo_cso_table_50,250,Ocean's Eleven,"$183,417,150",2001,George Clooney
/title/tt0462538/?ref_=bo_cso_table_51,251,The Simpsons Movie,"$183,135,014",2007,Dan Castellaneta
/title/tt0207201/?ref_=bo_cso_table_52,252,What Women Want,"$182,811,707",2000,Mel Gibson
/title/tt0177971/?ref_=bo_cso_table_53,253,The Perfect Storm,"$182,618,434",2000,George Clooney
/title/tt0443272/?ref_=bo_cso_table_54,254,Lincoln,"$182,207,973",2012,Daniel Day-Lewis
/title/tt0119528/?ref_=bo_cso_table_55,255,Liar Liar,"$181,410,615",1997,Jim Carrey
/title/tt0163025/?ref_=bo_cso_table_56,256,Jurassic Park III,"$181,171,875",2001,Sam Neill
/title/tt0800369/?ref_=bo_cso_table_57,257,Thor,"$181,030,624",2011,Chris Hemsworth
/title/tt0117060/?ref_=bo_cso_table_58,258,Mission: Impossible,"$180,981,856",1996,Tom Cruise
/title/tt0478970/?ref_=bo_cso_table_59,259,Ant-Man,"$180,202,163",2015,Paul Rudd
/title/tt0133152/?ref_=bo_cso_table_60,260,Planet of the Apes,"$180,011,740",2001,Mark Wahlberg
/title/tt0479952/?ref_=bo_cso_table_61,261,Madagascar: Escape 2 Africa,"$180,010,950",2008,Ben Stiller
/title/tt0458525/?ref_=bo_cso_table_62,262,X-Men Origins: Wolverine,"$179,883,157",2009,Hugh Jackman
/title/tt0087469/?ref_=bo_cso_table_63,263,Indiana Jones and the Temple of Doom,"$179,870,271",1984,Harrison Ford
/title/tt0092099/?ref_=bo_cso_table_64,264,Top Gun,"$179,800,601",1986,Tom Cruise
/title/tt0386588/?ref_=bo_cso_table_65,265,Hitch,"$179,495,555",2005,Will Smith
/title/tt1409024/?ref_=bo_cso_table_66,266,Men in Black 3,"$179,020,854",2012,Will Smith
/title/tt0100405/?ref_=bo_cso_table_67,267,Pretty Woman,"$178,406,268",1990,Richard Gere
/title/tt2224026/?ref_=bo_cso_table_68,268,Home,"$177,397,510",2015,Jim Parsons
/title/tt1078912/?ref_=bo_cso_table_69,269,Night at the Museum: Battle of the Smithsonian,"$177,243,721",2009,Ben Stiller
/title/tt0084805/?ref_=bo_cso_table_70,270,Tootsie,"$177,200,000",1982,Dustin Hoffman
/title/tt1646971/?ref_=bo_cso_table_71,271,How to Train Your Dragon 2,"$177,002,924",2014,Jay Baruchel
/title/tt1318514/?ref_=bo_cso_table_72,272,Rise of the Planet of the Apes,"$176,760,185",2011,James Franco
/title/tt0458339/?ref_=bo_cso_table_73,273,Captain America: The First Avenger,"$176,654,505",2011,Chris Evans
/title/tt0319343/?ref_=bo_cso_table_74,274,Elf,"$176,630,408",2003,Will Ferrell
/title/tt1155076/?ref_=bo_cso_table_75,275,The Karate Kid,"$176,591,618",2010,Jackie Chan
/title/tt0129387/?ref_=bo_cso_table_76,276,There's Something About Mary,"$176,484,651",1998,Cameron Diaz
/title/tt0268380/?ref_=bo_cso_table_77,277,Ice Age,"$176,387,405",2002,Denis Leary
/title/tt0372183/?ref_=bo_cso_table_78,278,The Bourne Supremacy,"$176,241,941",2004,Matt Damon
/title/tt5052448/?ref_=bo_cso_table_79,279,Get Out,"$176,040,665",2017,Daniel Kaluuya
/title/tt4116284/?ref_=bo_cso_table_80,280,The Lego Batman Movie,"$175,750,384",2017,Will Arnett
/title/tt6857112/?ref_=bo_cso_table_81,281,Us,"$175,084,580",2019,Lupita Nyong'o
/title/tt3874544/?ref_=bo_cso_table_82,282,The Boss Baby,"$175,003,033",2017,Alec Baldwin
/title/tt0090555/?ref_=bo_cso_table_83,283,Crocodile Dundee,"$174,803,506",1986,Paul Hogan
/title/tt3104988/?ref_=bo_cso_table_84,284,Crazy Rich Asians,"$174,532,921",2018,Constance Wu
/title/tt1485796/?ref_=bo_cso_table_85,285,The Greatest Showman,"$174,340,174",2017,Hugh Jackman
/title/tt6806448/?ref_=bo_cso_table_86,286,Fast & Furious Presents: Hobbs & Shaw,"$173,956,935",2019,Dwayne Johnson
/title/tt0112384/?ref_=bo_cso_table_87,287,Apollo 13,"$173,837,933",1995,Tom Hanks
/title/tt0104431/?ref_=bo_cso_table_88,288,Home Alone 2: Lost in New York,"$173,585,516",1992,Macaulay Culkin
/title/tt0368891/?ref_=bo_cso_table_89,289,National Treasure,"$173,008,894",2004,Nicolas Cage
/title/tt0118571/?ref_=bo_cso_table_90,290,Air Force One,"$172,956,409",1997,Harrison Ford
/title/tt0095953/?ref_=bo_cso_table_91,291,Rain Man,"$172,825,435",1988,Dustin Hoffman
/title/tt1790809/?ref_=bo_cso_table_92,292,Pirates of the Caribbean: Dead Men Tell No Tales,"$172,558,876",2017,Johnny Depp
/title/tt1104001/?ref_=bo_cso_table_93,293,TRON: Legacy,"$172,062,763",2010,Jeff Bridges
/title/tt5028340/?ref_=bo_cso_table_94,294,Mary Poppins Returns,"$171,958,438",2018,Emily Blunt
/title/tt0133093/?ref_=bo_cso_table_95,295,The Matrix,"$171,479,930",1999,Keanu Reeves
/title/tt1403865/?ref_=bo_cso_table_96,296,True Grit,"$171,243,005",2010,Jeff Bridges
/title/tt0120855/?ref_=bo_cso_table_97,297,Tarzan,"$171,091,819",1999,Tony Goldwyn
/title/tt6146586/?ref_=bo_cso_table_98,298,John Wick: Chapter 3 - Parabellum,"$171,015,687",2019,Keanu Reeves
/title/tt0268978/?ref_=bo_cso_table_99,299,A Beautiful Mind,"$170,742,341",2001,Russell Crowe
/title/tt0299658/?ref_=bo_cso_table_100,300,Chicago,"$170,687,518",2002,Renée Zellweger
/title/tt1454029/?ref_=bo_cso_table_101,301,The Help,"$169,708,112",2011,Emma Stone
/title/tt2510894/?ref_=bo_cso_table_102,302,Hotel Transylvania 2,"$169,700,110",2015,Adam Sandler
/title/tt4846340/?ref_=bo_cso_table_103,303,Hidden Figures,"$169,607,287",2016,Taraji P. Henson
/title/tt1478338/?ref_=bo_cso_table_104,304,Bridesmaids,"$169,106,725",2011,Kristen Wiig
/title/tt0830515/?ref_=bo_cso_table_105,305,Quantum of Solace,"$168,368,427",2008,Daniel Craig
/title/tt0486946/?ref_=bo_cso_table_106,306,Wild Hogs,"$168,273,550",2007,Tim Allen
/title/tt3731562/?ref_=bo_cso_table_107,307,Kong: Skull Island,"$168,052,812",2017,Tom Hiddleston
/title/tt0094137/?ref_=bo_cso_table_108,308,Three Men and a Baby,"$167,780,960",1987,Tom Selleck
/title/tt2267998/?ref_=bo_cso_table_109,309,Gone Girl,"$167,767,189",2014,Ben Affleck
/title/tt5220122/?ref_=bo_cso_table_110,310,Hotel Transylvania 3: Summer Vacation,"$167,510,016",2018,Adam Sandler
/title/tt0381061/?ref_=bo_cso_table_111,311,Casino Royale,"$167,445,960",2006,Daniel Craig
/title/tt0212338/?ref_=bo_cso_table_112,312,Meet the Parents,"$166,244,045",2000,Ben Stiller
/title/tt2322441/?ref_=bo_cso_table_113,313,Fifty Shades of Grey,"$166,167,230",2015,Dakota Johnson
/title/tt1190080/?ref_=bo_cso_table_114,314,2012,"$166,112,167",2009,John Cusack
/title/tt0102798/?ref_=bo_cso_table_115,315,Robin Hood: Prince of Thieves,"$165,493,908",1991,Kevin Costner
/title/tt8946378/?ref_=bo_cso_table_116,316,Knives Out,"$165,363,234",2019,Daniel Craig
/title/tt1302011/?ref_=bo_cso_table_117,317,Kung Fu Panda 2,"$165,249,063",2011,Jack Black
/title/tt0212985/?ref_=bo_cso_table_118,318,Hannibal,"$165,092,268",2001,Anthony Hopkins
/title/tt0264464/?ref_=bo_cso_table_119,319,Catch Me If You Can,"$164,615,351",2002,Leonardo DiCaprio
/title/tt1041829/?ref_=bo_cso_table_120,320,The Proposal,"$163,958,031",2009,Sandra Bullock
/title/tt0454921/?ref_=bo_cso_table_121,321,The Pursuit of Happyness,"$163,566,459",2006,Will Smith
/title/tt0142342/?ref_=bo_cso_table_122,322,Big Daddy,"$163,479,795",1999,Adam Sandler
/title/tt0800320/?ref_=bo_cso_table_123,323,Clash of the Titans,"$163,214,888",2010,Sam Worthington
/title/tt2279373/?ref_=bo_cso_table_124,324,The SpongeBob Movie: Sponge Out of Water,"$162,994,032",2015,Tom Kenny
/title/tt0103776/?ref_=bo_cso_table_125,325,Batman Returns,"$162,902,340",1992,Michael Keaton
/title/tt1853728/?ref_=bo_cso_table_126,326,Django Unchained,"$162,805,434",2012,Jamie Foxx
/title/tt0120623/?ref_=bo_cso_table_127,327,A Bug's Life,"$162,798,565",1998,Kevin Spacey
/title/tt4196776/?ref_=bo_cso_table_128,328,Jason Bourne,"$162,434,410",2016,Matt Damon
/title/tt1375670/?ref_=bo_cso_table_129,329,Grown Ups,"$162,001,186",2010,Adam Sandler
/title/tt0120484/?ref_=bo_cso_table_130,330,The Waterboy,"$161,491,646",1998,Adam Sandler
/title/tt1667889/?ref_=bo_cso_table_131,331,Ice Age: Continental Drift,"$161,321,843",2012,Ray Romano
/title/tt1398426/?ref_=bo_cso_table_132,332,Straight Outta Compton,"$161,197,785",2015,O'Shea Jackson Jr.
/title/tt0246460/?ref_=bo_cso_table_133,333,Die Another Day,"$160,942,139",2002,Pierce Brosnan
/title/tt0307453/?ref_=bo_cso_table_134,334,Shark Tale,"$160,861,908",2004,Will Smith
/title/tt2386490/?ref_=bo_cso_table_135,335,How to Train Your Dragon: The Hidden World,"$160,799,505",2019,Jay Baruchel
/title/tt2404463/?ref_=bo_cso_table_136,336,The Heat,"$159,582,188",2013,Sandra Bullock
/title/tt4123430/?ref_=bo_cso_table_137,337,Fantastic Beasts: The Crimes of Grindelwald,"$159,555,901",2018,Eddie Redmayne
/title/tt1502407/?ref_=bo_cso_table_138,338,Halloween,"$159,342,015",2018,Jamie Lee Curtis
/title/tt0059742/?ref_=bo_cso_table_139,339,The Sound of Music,"$159,287,539",1965,Julie Andrews
/title/tt8579674/?ref_=bo_cso_table_140,340,1917,"$159,227,644",2019,Dean-Charles Chapman
/title/tt5113040/?ref_=bo_cso_table_141,341,The Secret Life of Pets 2,"$158,874,395",2019,Patton Oswalt
/title/tt2660888/?ref_=bo_cso_table_142,342,Star Trek Beyond,"$158,848,340",2016,Chris Pine
/title/tt0106918/?ref_=bo_cso_table_143,343,The Firm,"$158,348,367",1993,Tom Cruise
/title/tt0398165/?ref_=bo_cso_table_144,344,The Longest Yard,"$158,119,460",2005,Adam Sandler
/title/tt0120903/?ref_=bo_cso_table_145,345,X-Men,"$157,299,718",2000,Patrick Stewart
/title/tt0175142/?ref_=bo_cso_table_146,346,Scary Movie,"$157,019,771",2000,Anna Faris
/title/tt0093010/?ref_=bo_cso_table_147,347,Fatal Attraction,"$156,645,693",1987,Michael Douglas
/title/tt0096438/?ref_=bo_cso_table_148,348,Who Framed Roger Rabbit,"$156,452,370",1988,Bob Hoskins
/title/tt0070735/?ref_=bo_cso_table_149,349,The Sting,"$156,000,000",1973,Paul Newman
/title/tt0161081/?ref_=bo_cso_table_150,350,What Lies Beneath,"$155,464,351",2000,Harrison Ford
/title/tt3385516/?ref_=bo_cso_table_151,351,X-Men: Apocalypse,"$155,442,489",2016,James McAvoy
/title/tt0120616/?ref_=bo_cso_table_152,352,The Mummy,"$155,385,488",1999,Brendan Fraser
/title/tt1735898/?ref_=bo_cso_table_153,353,Snow White and the Huntsman,"$155,332,381",2012,Kristen Stewart
/title/tt2126355/?ref_=bo_cso_table_154,354,San Andreas,"$155,190,832",2015,Dwayne Johnson
/title/tt1013752/?ref_=bo_cso_table_155,355,Fast & Furious,"$155,064,265",2009,Vin Diesel
/title/tt0327084/?ref_=bo_cso_table_156,356,Over the Hedge,"$155,019,340",2006,Bruce Willis
/title/tt0120667/?ref_=bo_cso_table_157,357,Fantastic Four,"$154,696,080",2005,Ioan Gruffudd
/title/tt0451079/?ref_=bo_cso_table_158,358,Horton Hears a Who!,"$154,529,439",2008,Jim Carrey
/title/tt1392190/?ref_=bo_cso_table_159,359,Mad Max: Fury Road,"$154,058,340",2015,Tom Hardy
/title/tt0116695/?ref_=bo_cso_table_160,360,Jerry Maguire,"$153,952,592",1996,Tom Cruise
/title/tt1679335/?ref_=bo_cso_table_161,361,Trolls,"$153,707,064",2016,Anna Kendrick
/title/tt0092644/?ref_=bo_cso_table_162,362,Beverly Hills Cop II,"$153,665,036",1987,Eddie Murphy
/title/tt0087363/?ref_=bo_cso_table_163,363,Gremlins,"$153,378,102",1984,Zach Galligan
/title/tt0267913/?ref_=bo_cso_table_164,364,Scooby-Doo,"$153,294,164",2002,Matthew Lillard
/title/tt3606752/?ref_=bo_cso_table_165,365,Cars 3,"$152,901,115",2017,Owen Wilson
/title/tt1000774/?ref_=bo_cso_table_166,366,Sex and the City,"$152,647,258",2008,Sarah Jessica Parker
/title/tt0163187/?ref_=bo_cso_table_167,367,Runaway Bride,"$152,257,509",1999,Julia Roberts
/title/tt3783958/?ref_=bo_cso_table_168,368,La La Land,"$151,101,803",2016,Ryan Gosling
/title/tt1840309/?ref_=bo_cso_table_169,369,Divergent,"$150,947,895",2014,Shailene Woodley
/title/tt0089880/?ref_=bo_cso_table_170,370,Rambo: First Blood Part II,"$150,415,432",1985,Sylvester Stallone
/title/tt1723121/?ref_=bo_cso_table_171,371,We're the Millers,"$150,394,119",2013,Jason Sudeikis
/title/tt0181852/?ref_=bo_cso_table_172,372,Terminator 3: Rise of the Machines,"$150,371,112",2003,Arnold Schwarzenegger
/title/tt1528854/?ref_=bo_cso_table_173,373,Daddy's Home,"$150,357,137",2015,Will Ferrell
/title/tt1046173/?ref_=bo_cso_table_174,374,G.I. Joe: The Rise of Cobra,"$150,201,498",2009,Dennis Quaid
/title/tt2004420/?ref_=bo_cso_table_175,375,Neighbors,"$150,157,400",2014,Seth Rogen
/title/tt1800241/?ref_=bo_cso_table_176,376,American Hustle,"$150,117,807",2013,Christian Bale
/title/tt0448694/?ref_=bo_cso_table_177,377,Puss in Boots,"$149,260,504",2011,Antonio Banderas
/title/tt3794354/?ref_=bo_cso_table_178,378,Sonic the Hedgehog,"$148,974,665",2020,Ben Schwartz
/title/tt1707386/?ref_=bo_cso_table_179,379,Les Misérables,"$148,809,770",2012,Hugh Jackman
/title/tt0478311/?ref_=bo_cso_table_180,380,Knocked Up,"$148,768,917",2007,Seth Rogen
/title/tt0119822/?ref_=bo_cso_table_181,381,As Good as It Gets,"$148,478,011",1997,Jack Nicholson
/title/tt0970866/?ref_=bo_cso_table_182,382,Little Fockers,"$148,438,600",2010,Ben Stiller
/title/tt1001526/?ref_=bo_cso_table_183,383,Megamind,"$148,415,853",2010,Will Ferrell
/title/tt0837562/?ref_=bo_cso_table_184,384,Hotel Transylvania,"$148,313,048",2012,Adam Sandler
/title/tt0415306/?ref_=bo_cso_table_185,385,Talladega Nights: The Ballad of Ricky Bobby,"$148,213,377",2006,Will Ferrell
/title/tt1205489/?ref_=bo_cso_table_186,386,Gran Torino,"$148,095,302",2008,Clint Eastwood
/title/tt0097733/?ref_=bo_cso_table_187,387,Lethal Weapon 2,"$147,253,986",1989,Mel Gibson
/title/tt3450958/?ref_=bo_cso_table_188,388,War for the Planet of the Apes,"$146,880,162",2017,Andy Serkis
/title/tt1270798/?ref_=bo_cso_table_189,389,X-Men: First Class,"$146,408,305",2011,James McAvoy
/title/tt1114740/?ref_=bo_cso_table_190,390,Paul Blart: Mall Cop,"$146,336,178",2009,Kevin James
/title/tt0111503/?ref_=bo_cso_table_191,391,True Lies,"$146,282,411",1994,Arnold Schwarzenegger
/title/tt0275847/?ref_=bo_cso_table_192,392,Lilo & Stitch,"$145,794,338",2002,Daveigh Chase
/title/tt0111070/?ref_=bo_cso_table_193,393,The Santa Clause,"$145,539,357",1994,Tim Allen
/title/tt4779682/?ref_=bo_cso_table_194,394,The Meg,"$145,443,742",2018,Jason Statham
/title/tt0252866/?ref_=bo_cso_table_195,395,American Pie 2,"$145,103,595",2001,Jason Biggs
/title/tt0936501/?ref_=bo_cso_table_196,396,Taken,"$145,000,989",2009,Liam Neeson
/title/tt0055254/?ref_=bo_cso_table_197,397,One Hundred and One Dalmatians,"$144,880,014",1961,Rod Taylor
/title/tt1343092/?ref_=bo_cso_table_198,398,The Great Gatsby,"$144,840,419",2013,Leonardo DiCaprio
/title/tt0343818/?ref_=bo_cso_table_199,399,"I, Robot","$144,801,023",2004,Will Smith
/title/tt0104714/?ref_=bo_cso_table_200,400,Lethal Weapon 3,"$144,731,527",1992,Mel Gibson
/title/tt0232500/?ref_=bo_cso_table_1,401,The Fast and the Furious,"$144,533,925",2001,Vin Diesel
/title/tt0795421/?ref_=bo_cso_table_2,402,Mamma Mia!,"$144,169,664",2008,Meryl Streep
/title/tt0118998/?ref_=bo_cso_table_3,403,Doctor Dolittle,"$144,156,605",1998,Eddie Murphy
/title/tt5884052/?ref_=bo_cso_table_4,404,Pokémon Detective Pikachu,"$144,105,346",2019,Ryan Reynolds
/title/tt1436562/?ref_=bo_cso_table_5,405,Rio,"$143,619,809",2011,Jesse Eisenberg
/title/tt2267968/?ref_=bo_cso_table_6,406,Kung Fu Panda 3,"$143,528,619",2016,Jack Black
/title/tt0467406/?ref_=bo_cso_table_7,407,Juno,"$143,495,265",2007,Elliot Page
/title/tt0822832/?ref_=bo_cso_table_8,408,Marley & Me,"$143,153,751",2008,Owen Wilson
/title/tt0472181/?ref_=bo_cso_table_9,409,The Smurfs,"$142,614,158",2011,Hank Azaria
/title/tt7131622/?ref_=bo_cso_table_10,410,Once Upon a Time... In Hollywood,"$142,502,728",2019,Leonardo DiCaprio
/title/tt0295701/?ref_=bo_cso_table_11,411,xXx,"$142,109,382",2002,Vin Diesel
/title/tt0061852/?ref_=bo_cso_table_12,412,The Jungle Book,"$141,843,612",1967,Phil Harris
/title/tt0499448/?ref_=bo_cso_table_13,413,The Chronicles of Narnia: Prince Caspian,"$141,621,490",2008,Ben Barnes
/title/tt0077975/?ref_=bo_cso_table_14,414,National Lampoon's Animal House,"$141,600,000",1978,John Belushi
/title/tt0114148/?ref_=bo_cso_table_15,415,Pocahontas,"$141,579,773",1995,Mel Gibson
/title/tt0104257/?ref_=bo_cso_table_16,416,A Few Good Men,"$141,340,178",1992,Tom Cruise
/title/tt1010048/?ref_=bo_cso_table_17,417,Slumdog Millionaire,"$141,319,928",2008,Dev Patel
/title/tt0120812/?ref_=bo_cso_table_18,418,Rush Hour,"$141,186,864",1998,Jackie Chan
/title/tt0185937/?ref_=bo_cso_table_19,419,The Blair Witch Project,"$140,539,099",1999,Heather Donahue
/title/tt0120647/?ref_=bo_cso_table_20,420,Deep Impact,"$140,464,664",1998,Robert Duvall
/title/tt0448115/?ref_=bo_cso_table_21,421,Shazam!,"$140,371,656",2019,Zachary Levi
/title/tt5164214/?ref_=bo_cso_table_22,422,Ocean's Eight,"$140,218,711",2018,Sandra Bullock
/title/tt0293564/?ref_=bo_cso_table_23,423,Rush Hour 3,"$140,125,968",2007,Jackie Chan
/title/tt0097778/?ref_=bo_cso_table_24,424,Look Who's Talking,"$140,088,813",1989,John Travolta
/title/tt0164912/?ref_=bo_cso_table_25,425,Stuart Little,"$140,035,367",1999,Michael J. Fox
/title/tt1397280/?ref_=bo_cso_table_26,426,Taken 2,"$139,854,287",2012,Liam Neeson
/title/tt0105417/?ref_=bo_cso_table_27,427,Sister Act,"$139,605,150",1992,Whoopi Goldberg
/title/tt0242653/?ref_=bo_cso_table_28,428,The Matrix Revolutions,"$139,313,948",2003,Keanu Reeves
/title/tt0304669/?ref_=bo_cso_table_29,429,The Santa Clause 2,"$139,236,327",2002,Tim Allen
/title/tt1504320/?ref_=bo_cso_table_30,430,The King's Speech,"$138,797,449",2010,Colin Firth
/title/tt0349205/?ref_=bo_cso_table_31,431,Cheaper by the Dozen,"$138,614,544",2003,Steve Martin
/title/tt0172156/?ref_=bo_cso_table_32,432,Bad Boys II,"$138,608,444",2003,Will Smith
/title/tt0091763/?ref_=bo_cso_table_33,433,Platoon,"$138,530,565",1986,Charlie Sheen
/title/tt1232829/?ref_=bo_cso_table_34,434,21 Jump Street,"$138,447,667",2012,Jonah Hill
/title/tt0119217/?ref_=bo_cso_table_35,435,Good Will Hunting,"$138,433,435",1997,Robin Williams
/title/tt4972582/?ref_=bo_cso_table_36,436,Split,"$138,291,365",2017,James McAvoy
/title/tt1067106/?ref_=bo_cso_table_37,437,A Christmas Carol,"$137,855,863",2009,Jim Carrey
/title/tt0130623/?ref_=bo_cso_table_38,438,Dinosaur,"$137,748,063",2000,D.B. Sweeney
/title/tt1677720/?ref_=bo_cso_table_39,439,Ready Player One,"$137,690,172",2018,Tye Sheridan
/title/tt1457767/?ref_=bo_cso_table_40,440,The Conjuring,"$137,400,141",2013,Patrick Wilson
/title/tt0389860/?ref_=bo_cso_table_41,441,Click,"$137,355,633",2006,Adam Sandler
/title/tt0120689/?ref_=bo_cso_table_42,442,The Green Mile,"$136,801,374",1999,Tom Hanks
/title/tt0117438/?ref_=bo_cso_table_43,443,Ransom,"$136,492,681",1996,Mel Gibson
/title/tt0120685/?ref_=bo_cso_table_44,444,Godzilla,"$136,314,294",1998,Matthew Broderick
/title/tt0115433/?ref_=bo_cso_table_45,445,101 Dalmatians,"$136,189,294",1996,Glenn Close
/title/tt1024648/?ref_=bo_cso_table_46,446,Argo,"$136,025,503",2012,Ben Affleck
/title/tt0305224/?ref_=bo_cso_table_47,447,Anger Management,"$135,645,823",2003,Jack Nicholson
/title/tt0371606/?ref_=bo_cso_table_48,448,Chicken Little,"$135,386,665",2005,Zach Braff
/title/tt0100758/?ref_=bo_cso_table_49,449,Teenage Mutant Ninja Turtles,"$135,265,915",1990,Judith Hoag
/title/tt0075860/?ref_=bo_cso_table_50,450,Close Encounters of the Third Kind,"$135,189,114",1977,Richard Dreyfuss
/title/tt0129290/?ref_=bo_cso_table_51,451,Patch Adams,"$135,026,902",1998,Robin Williams
/title/tt0068646/?ref_=bo_cso_table_52,452,The Godfather,"$134,966,411",1972,Marlon Brando
/title/tt1408253/?ref_=bo_cso_table_53,453,Ride Along,"$134,938,200",2014,Ice Cube
/title/tt0800080/?ref_=bo_cso_table_54,454,The Incredible Hulk,"$134,806,913",2008,Edward Norton
/title/tt0337978/?ref_=bo_cso_table_55,455,Live Free or Die Hard,"$134,529,403",2007,Bruce Willis
/title/tt0493464/?ref_=bo_cso_table_56,456,Wanted,"$134,508,551",2008,Angelina Jolie
/title/tt2024432/?ref_=bo_cso_table_57,457,Identity Thief,"$134,506,920",2013,Jason Bateman
/title/tt0078346/?ref_=bo_cso_table_58,458,Superman,"$134,451,603",1978,Christopher Reeve
/title/tt0117500/?ref_=bo_cso_table_59,459,The Rock,"$134,069,511",1996,Sean Connery
/title/tt0317919/?ref_=bo_cso_table_60,460,Mission: Impossible III,"$134,029,801",2006,Tom Cruise
/title/tt2191701/?ref_=bo_cso_table_61,461,Grown Ups 2,"$133,668,525",2013,Adam Sandler
/title/tt0332452/?ref_=bo_cso_table_62,462,Troy,"$133,378,256",2004,Brad Pitt
/title/tt0808151/?ref_=bo_cso_table_63,463,Angels & Demons,"$133,375,846",2009,Tom Hanks
/title/tt1615918/?ref_=bo_cso_table_64,464,Alvin and the Chipmunks: Chipwrecked,"$133,110,742",2011,Justin Long
/title/tt0305669/?ref_=bo_cso_table_65,465,Bringing Down the House,"$132,716,677",2003,Steve Martin
/title/tt1430132/?ref_=bo_cso_table_66,466,The Wolverine,"$132,556,852",2013,Hugh Jackman
/title/tt2543472/?ref_=bo_cso_table_67,467,Wonder,"$132,422,809",2017,Jacob Tremblay
/title/tt0407887/?ref_=bo_cso_table_68,468,The Departed,"$132,384,315",2006,Leonardo DiCaprio
/title/tt0286716/?ref_=bo_cso_table_69,469,Hulk,"$132,177,234",2003,Eric Bana
/title/tt1045658/?ref_=bo_cso_table_70,470,Silver Linings Playbook,"$132,092,958",2012,Bradley Cooper
/title/tt0181689/?ref_=bo_cso_table_71,471,Minority Report,"$132,072,926",2002,Tom Cruise
/title/tt0486576/?ref_=bo_cso_table_72,472,Fantastic 4: Rise of the Silver Surfer,"$131,921,738",2007,Ioan Gruffudd
/title/tt0938283/?ref_=bo_cso_table_73,473,The Last Airbender,"$131,772,187",2010,Noah Ringer
/title/tt2357291/?ref_=bo_cso_table_74,474,Rio 2,"$131,538,435",2014,Jesse Eisenberg
/title/tt0146316/?ref_=bo_cso_table_75,475,Lara Croft: Tomb Raider,"$131,168,070",2001,Angelina Jolie
/title/tt0102926/?ref_=bo_cso_table_76,476,The Silence of the Lambs,"$130,742,922",1991,Jodie Foster
/title/tt0097523/?ref_=bo_cso_table_77,477,"Honey, I Shrunk the Kids","$130,724,172",1989,Rick Moranis
/title/tt0109813/?ref_=bo_cso_table_78,478,The Flintstones,"$130,531,208",1994,John Goodman
/title/tt0122151/?ref_=bo_cso_table_79,479,Lethal Weapon 4,"$130,444,603",1998,Mel Gibson
/title/tt0425061/?ref_=bo_cso_table_80,480,Get Smart,"$130,319,208",2008,Steve Carell
/title/tt2908446/?ref_=bo_cso_table_81,481,The Divergent Series: Insurgent,"$130,179,072",2015,Shailene Woodley
/title/tt2452042/?ref_=bo_cso_table_82,482,The Peanuts Movie,"$130,178,411",2015,Noah Schnapp
/title/tt3371366/?ref_=bo_cso_table_83,483,Transformers: The Last Knight,"$130,168,683",2017,Mark Wahlberg
/title/tt0765429/?ref_=bo_cso_table_84,484,American Gangster,"$130,164,645",2007,Denzel Washington
/title/tt0169547/?ref_=bo_cso_table_85,485,American Beauty,"$130,096,601",1999,Kevin Spacey
/title/tt0084434/?ref_=bo_cso_table_86,486,An Officer and a Gentleman,"$129,795,554",1982,Richard Gere
/title/tt0298130/?ref_=bo_cso_table_87,487,The Ring,"$129,128,133",2002,Naomi Watts
/title/tt0117218/?ref_=bo_cso_table_88,488,The Nutty Professor,"$128,814,019",1996,Eddie Murphy
/title/tt0443453/?ref_=bo_cso_table_89,489,Borat: Cultural Learnings of America for Make Benefit Glorious Nation of Kazakhstan,"$128,505,958",2006,Sacha Baron Cohen
/title/tt1289401/?ref_=bo_cso_table_90,490,Ghostbusters,"$128,350,574",2016,Melissa McCarthy
/title/tt2802144/?ref_=bo_cso_table_91,491,Kingsman: The Secret Service,"$128,261,724",2015,Colin Firth
/title/tt0358082/?ref_=bo_cso_table_92,492,Robots,"$128,200,012",2005,Ewan McGregor
/title/tt0094898/?ref_=bo_cso_table_93,493,Coming to America,"$128,152,301",1988,Eddie Murphy
/title/tt0190332/?ref_=bo_cso_table_94,494,"Crouching Tiger, Hidden Dragon","$128,078,872",2000,Chow Yun-Fat
/title/tt1130884/?ref_=bo_cso_table_95,495,Shutter Island,"$128,012,934",2010,Leonardo DiCaprio
/title/tt2180411/?ref_=bo_cso_table_96,496,Into the Woods,"$128,002,372",2014,Anna Kendrick
/title/tt0089927/?ref_=bo_cso_table_97,497,Rocky IV,"$127,873,716",1985,Sylvester Stallone
/title/tt0461770/?ref_=bo_cso_table_98,498,Enchanted,"$127,807,262",2007,Amy Adams
/title/tt0421715/?ref_=bo_cso_table_99,499,The Curious Case of Benjamin Button,"$127,509,326",2008,Brad Pitt
/title/tt1489889/?ref_=bo_cso_table_100,500,Central Intelligence,"$127,440,871",2016,Dwayne Johnson
/title/tt1229340/?ref_=bo_cso_table_101,501,Anchorman 2: The Legend Continues,"$127,352,707",2013,Will Ferrell
/title/tt0256415/?ref_=bo_cso_table_102,502,Sweet Home Alabama,"$127,223,418",2002,Reese Witherspoon
/title/tt4701182/?ref_=bo_cso_table_103,503,Bumblebee,"$127,195,589",2018,Hailee Steinfeld
/title/tt0109686/?ref_=bo_cso_table_104,504,Dumb and Dumber,"$127,175,374",1994,Jim Carrey
/title/tt0322259/?ref_=bo_cso_table_105,505,2 Fast 2 Furious,"$127,154,901",2003,Paul Walker
/title/tt0119738/?ref_=bo_cso_table_106,506,My Best Friend's Wedding,"$127,120,029",1997,Julia Roberts
/title/tt1650062/?ref_=bo_cso_table_107,507,Super 8,"$127,004,179",2011,Elle Fanning
/title/tt0143145/?ref_=bo_cso_table_108,508,The World Is Not Enough,"$126,943,684",1999,Pierce Brosnan
/title/tt0108160/?ref_=bo_cso_table_109,509,Sleepless in Seattle,"$126,808,165",1993,Tom Hanks
/title/tt0076729/?ref_=bo_cso_table_110,510,Smokey and the Bandit,"$126,737,428",1977,Burt Reynolds
/title/tt2872732/?ref_=bo_cso_table_111,511,Lucy,"$126,663,600",2014,Scarlett Johansson
/title/tt0918940/?ref_=bo_cso_table_112,512,The Legend of Tarzan,"$126,643,061",2016,Alexander Skarsgård
/title/tt0389790/?ref_=bo_cso_table_113,513,Bee Movie,"$126,631,277",2007,Jerry Seinfeld
/title/tt1446714/?ref_=bo_cso_table_114,514,Prometheus,"$126,477,084",2012,Noomi Rapace
/title/tt1599348/?ref_=bo_cso_table_115,515,Safe House,"$126,373,434",2012,Denzel Washington
/title/tt0280590/?ref_=bo_cso_table_116,516,Mr. Deeds,"$126,293,452",2002,Adam Sandler
/title/tt0120382/?ref_=bo_cso_table_117,517,The Truman Show,"$125,618,201",1998,Jim Carrey
/title/tt0195685/?ref_=bo_cso_table_118,518,Erin Brockovich,"$125,595,205",2000,Julia Roberts
/title/tt0349903/?ref_=bo_cso_table_119,519,Ocean's Twelve,"$125,544,280",2004,George Clooney
/title/tt0438488/?ref_=bo_cso_table_120,520,Terminator Salvation,"$125,322,469",2009,Christian Bale
/title/tt0160127/?ref_=bo_cso_table_121,521,Charlie's Angels,"$125,305,545",2000,Cameron Diaz
/title/tt0120347/?ref_=bo_cso_table_122,522,Tomorrow Never Dies,"$125,304,276",1997,Pierce Brosnan
/title/tt1091191/?ref_=bo_cso_table_123,523,Lone Survivor,"$125,095,601",2013,Mark Wahlberg
/title/tt3263904/?ref_=bo_cso_table_124,524,Sully,"$125,070,033",2016,Tom Hanks
/title/tt0084602/?ref_=bo_cso_table_125,525,Rocky III,"$125,049,125",1982,Sylvester Stallone
/title/tt1606389/?ref_=bo_cso_table_126,526,The Vow,"$125,014,030",2012,Rachel McAdams
/title/tt0454876/?ref_=bo_cso_table_127,527,Life of Pi,"$124,987,023",2012,Suraj Sharma
/title/tt2582846/?ref_=bo_cso_table_128,528,The Fault in Our Stars,"$124,872,350",2014,Shailene Woodley
/title/tt0844471/?ref_=bo_cso_table_129,529,Cloudy with a Chance of Meatballs,"$124,870,275",2009,Anna Faris
/title/tt0458352/?ref_=bo_cso_table_130,530,The Devil Wears Prada,"$124,740,460",2006,Anne Hathaway
/title/tt0337741/?ref_=bo_cso_table_131,531,Something's Gotta Give,"$124,728,738",2003,Jack Nicholson
/title/tt0181865/?ref_=bo_cso_table_132,532,Traffic,"$124,115,725",2000,Michael Douglas
/title/tt0115685/?ref_=bo_cso_table_133,533,The Birdcage,"$124,060,553",1996,Robin Williams
/title/tt0101587/?ref_=bo_cso_table_134,534,City Slickers,"$124,033,791",1991,Billy Crystal
/title/tt0093105/?ref_=bo_cso_table_135,535,"Good Morning, Vietnam","$123,922,370",1987,Robin Williams
/title/tt1192628/?ref_=bo_cso_table_136,536,Rango,"$123,477,607",2011,Johnny Depp
/title/tt0144528/?ref_=bo_cso_table_137,537,Nutty Professor II: The Klumps,"$123,309,890",2000,Eddie Murphy
/title/tt1979388/?ref_=bo_cso_table_138,538,The Good Dinosaur,"$123,087,120",2015,Jeffrey Wright
/title/tt1583421/?ref_=bo_cso_table_139,539,G.I. Joe: Retaliation,"$122,523,060",2013,Dwayne Johnson
/title/tt0109444/?ref_=bo_cso_table_140,540,Clear and Present Danger,"$122,187,717",1994,Harrison Ford
/title/tt0099810/?ref_=bo_cso_table_141,541,The Hunt for Red October,"$122,012,643",1990,Sean Connery
/title/tt0103855/?ref_=bo_cso_table_142,542,The Bodyguard,"$122,006,740",1992,Kevin Costner
/title/tt0105793/?ref_=bo_cso_table_143,543,Wayne's World,"$121,697,323",1992,Mike Myers
/title/tt0258463/?ref_=bo_cso_table_144,544,The Bourne Identity,"$121,661,683",2002,Franka Potente
/title/tt0829482/?ref_=bo_cso_table_145,545,Superbad,"$121,463,226",2007,Michael Cera
/title/tt0111257/?ref_=bo_cso_table_146,546,Speed,"$121,248,145",1994,Keanu Reeves
/title/tt0343660/?ref_=bo_cso_table_147,547,50 First Dates,"$120,908,074",2004,Adam Sandler
/title/tt6911608/?ref_=bo_cso_table_148,548,Mamma Mia! Here We Go Again,"$120,634,935",2018,Lily James
/title/tt0120762/?ref_=bo_cso_table_149,549,Mulan,"$120,620,254",1998,Ming-Na Wen
/title/tt0361748/?ref_=bo_cso_table_150,550,Inglourious Basterds,"$120,540,719",2009,Brad Pitt
/title/tt0329575/?ref_=bo_cso_table_151,551,Seabiscuit,"$120,277,854",2003,Tobey Maguire
/title/tt0338526/?ref_=bo_cso_table_152,552,Van Helsing,"$120,177,084",2004,Hugh Jackman
/title/tt0369436/?ref_=bo_cso_table_153,553,Four Christmases,"$120,146,040",2008,Reese Witherspoon
/title/tt0762107/?ref_=bo_cso_table_154,554,I Now Pronounce You Chuck & Larry,"$120,059,556",2007,Adam Sandler
/title/tt0110475/?ref_=bo_cso_table_155,555,The Mask,"$119,938,730",1994,Jim Carrey
/title/tt1985966/?ref_=bo_cso_table_156,556,Cloudy with a Chance of Meatballs 2,"$119,793,567",2013,Bill Hader
/title/tt0102057/?ref_=bo_cso_table_157,557,Hook,"$119,654,823",1991,Dustin Hoffman
/title/tt0071230/?ref_=bo_cso_table_158,558,Blazing Saddles,"$119,601,481",1974,Cleavon Little
/title/tt0358273/?ref_=bo_cso_table_159,559,Walk the Line,"$119,519,402",2005,Joaquin Phoenix
/title/tt0436339/?ref_=bo_cso_table_160,560,G-Force,"$119,436,770",2009,Will Arnett
/title/tt0100802/?ref_=bo_cso_table_161,561,Total Recall,"$119,412,921",1990,Arnold Schwarzenegger
/title/tt0082846/?ref_=bo_cso_table_162,562,On Golden Pond,"$119,285,432",1981,Katharine Hepburn
/title/tt1386588/?ref_=bo_cso_table_163,563,The Other Guys,"$119,219,978",2010,Will Ferrell
/title/tt0361596/?ref_=bo_cso_table_164,564,Fahrenheit 9/11,"$119,194,771",2004,Michael Moore
/title/tt0096874/?ref_=bo_cso_table_165,565,Back to the Future Part II,"$119,000,002",1989,Michael J. Fox
/title/tt0164184/?ref_=bo_cso_table_166,566,The Sum of All Fears,"$118,907,036",2002,Ben Affleck
/title/tt0427327/?ref_=bo_cso_table_167,567,Hairspray,"$118,871,849",2007,John Travolta
/title/tt0452594/?ref_=bo_cso_table_168,568,The Break-Up,"$118,703,275",2006,Jennifer Aniston
/title/tt0339291/?ref_=bo_cso_table_169,569,A Series of Unfortunate Events,"$118,634,549",2004,Jim Carrey
/title/tt0445934/?ref_=bo_cso_table_170,570,Blades of Glory,"$118,594,548",2007,Will Ferrell
/title/tt0944835/?ref_=bo_cso_table_171,571,Salt,"$118,311,368",2010,Angelina Jolie
/title/tt0103772/?ref_=bo_cso_table_172,572,Basic Instinct,"$117,727,224",1992,Michael Douglas
/title/tt1670345/?ref_=bo_cso_table_173,573,Now You See Me,"$117,723,989",2013,Jesse Eisenberg
/title/tt1950186/?ref_=bo_cso_table_174,574,Ford v Ferrari,"$117,624,357",2019,Matt Damon
/title/tt0208003/?ref_=bo_cso_table_175,575,Big Momma's House,"$117,559,438",2000,Martin Lawrence
/title/tt0099423/?ref_=bo_cso_table_176,576,Die Hard 2,"$117,540,947",1990,Bruce Willis
/title/tt1499658/?ref_=bo_cso_table_177,577,Horrible Bosses,"$117,538,559",2011,Jason Bateman
/title/tt5814060/?ref_=bo_cso_table_178,578,The Nun,"$117,450,119",2018,Demián Bichir
/title/tt0075148/?ref_=bo_cso_table_179,579,Rocky,"$117,235,147",1976,Sylvester Stallone
/title/tt1116184/?ref_=bo_cso_table_180,580,Jackass 3D,"$117,229,692",2010,Johnny Knoxville
/title/tt0496806/?ref_=bo_cso_table_181,581,Ocean's Thirteen,"$117,154,724",2007,George Clooney
/title/tt0257076/?ref_=bo_cso_table_182,582,S.W.A.T.,"$116,934,650",2003,Samuel L. Jackson
/title/tt0993846/?ref_=bo_cso_table_183,583,The Wolf of Wall Street,"$116,900,694",2013,Leonardo DiCaprio
/title/tt0298203/?ref_=bo_cso_table_184,584,8 Mile,"$116,750,901",2002,Eminem
/title/tt0150377/?ref_=bo_cso_table_185,585,Double Jeopardy,"$116,741,558",1999,Ashley Judd
/title/tt1327773/?ref_=bo_cso_table_186,586,Lee Daniels' The Butler,"$116,632,095",2013,Forest Whitaker
/title/tt1133985/?ref_=bo_cso_table_187,587,Green Lantern,"$116,601,172",2011,Ryan Reynolds
/title/tt0125439/?ref_=bo_cso_table_188,588,Notting Hill,"$116,089,678",1999,Hugh Grant
/title/tt0072308/?ref_=bo_cso_table_189,589,The Towering Inferno,"$116,000,000",1974,Paul Newman
/title/tt0128853/?ref_=bo_cso_table_190,590,You've Got Mail,"$115,821,495",1998,Tom Hanks
/title/tt0259324/?ref_=bo_cso_table_191,591,Ghost Rider,"$115,802,596",2007,Nicolas Cage
/title/tt0210945/?ref_=bo_cso_table_192,592,Remember the Titans,"$115,719,751",2000,Denzel Washington
/title/tt6343314/?ref_=bo_cso_table_193,593,Creed II,"$115,715,889",2018,Michael B. Jordan
/title/tt1136608/?ref_=bo_cso_table_194,594,District 9,"$115,646,235",2009,Sharlto Copley
/title/tt1809398/?ref_=bo_cso_table_195,595,Unbroken,"$115,637,895",2014,Jack O'Connell
/title/tt5117670/?ref_=bo_cso_table_196,596,Peter Rabbit,"$115,253,424",2018,James Corden
/title/tt0094737/?ref_=bo_cso_table_197,597,Big,"$115,227,281",1988,Tom Hanks
/title/tt3564472/?ref_=bo_cso_table_198,598,Girls Trip,"$115,171,585",2017,Regina Hall
/title/tt0091326/?ref_=bo_cso_table_199,599,The Karate Kid Part II,"$115,103,979",1986,Pat Morita
/title/tt0069704/?ref_=bo_cso_table_200,600,American Graffiti,"$115,000,000",1973,Richard Dreyfuss
/title/tt3861390/?ref_=bo_cso_table_1,601,Dumbo,"$114,766,307",2019,Colin Farrell
/title/tt4465564/?ref_=bo_cso_table_2,602,Fifty Shades Darker,"$114,581,250",2017,Dakota Johnson
/title/tt0364725/?ref_=bo_cso_table_3,603,Dodgeball: A True Underdog Story,"$114,326,736",2004,Ben Stiller
/title/tt0368447/?ref_=bo_cso_table_4,604,The Village,"$114,197,520",2004,Sigourney Weaver
/title/tt0397892/?ref_=bo_cso_table_5,605,Bolt,"$114,053,579",2008,John Travolta
/title/tt4777008/?ref_=bo_cso_table_6,606,Maleficent: Mistress of Evil,"$113,929,605",2019,Angelina Jolie
/title/tt0120891/?ref_=bo_cso_table_7,607,Wild Wild West,"$113,804,681",1999,Will Smith
/title/tt2692250/?ref_=bo_cso_table_8,608,Night at the Museum: Secret of the Tomb,"$113,746,621",2014,Ben Stiller
/title/tt1915581/?ref_=bo_cso_table_9,609,Magic Mike,"$113,721,571",2012,Channing Tatum
/title/tt0101272/?ref_=bo_cso_table_10,610,The Addams Family,"$113,502,426",1991,Anjelica Huston
/title/tt0187393/?ref_=bo_cso_table_11,611,The Patriot,"$113,330,342",2000,Mel Gibson
/title/tt4651520/?ref_=bo_cso_table_12,612,Bad Moms,"$113,257,297",2016,Mila Kunis
/title/tt1194173/?ref_=bo_cso_table_13,613,The Bourne Legacy,"$113,203,870",2012,Jeremy Renner
/title/tt0395699/?ref_=bo_cso_table_14,614,The Pacifier,"$113,086,868",2005,Vin Diesel
/title/tt0240462/?ref_=bo_cso_table_15,615,Dr. Dolittle 2,"$112,952,899",2001,Eddie Murphy
/title/tt0073629/?ref_=bo_cso_table_16,616,The Rocky Horror Picture Show,"$112,892,319",1975,Tim Curry
/title/tt1230414/?ref_=bo_cso_table_17,617,It's Complicated,"$112,735,375",2009,Meryl Streep
/title/tt0227538/?ref_=bo_cso_table_18,618,Spy Kids,"$112,719,001",2001,Alexa PenaVega
/title/tt0097428/?ref_=bo_cso_table_19,619,Ghostbusters II,"$112,494,738",1989,Bill Murray
/title/tt0119094/?ref_=bo_cso_table_20,620,Face/Off,"$112,276,146",1997,John Travolta
/title/tt1951261/?ref_=bo_cso_table_21,621,The Hangover Part III,"$112,200,072",2013,Bradley Cooper
/title/tt0096320/?ref_=bo_cso_table_22,622,Twins,"$111,938,388",1988,Arnold Schwarzenegger
/title/tt0338459/?ref_=bo_cso_table_23,623,Spy Kids 3-D: Game Over,"$111,761,982",2003,Daryl Sabara
/title/tt0059113/?ref_=bo_cso_table_24,624,Doctor Zhivago,"$111,721,910",1965,Omar Sharif
/title/tt0120660/?ref_=bo_cso_table_25,625,Enemy of the State,"$111,549,836",1998,Will Smith
/title/tt0097757/?ref_=bo_cso_table_26,626,The Little Mermaid,"$111,543,479",1989,Jodi Benson
/title/tt0864835/?ref_=bo_cso_table_27,627,Mr. Peabody & Sherman,"$111,506,430",2014,Ty Burrell
/title/tt0084522/?ref_=bo_cso_table_28,628,Porky's,"$111,289,673",1982,Dan Monahan
/title/tt0325710/?ref_=bo_cso_table_29,629,The Last Samurai,"$111,127,263",2003,Tom Cruise
/title/tt6823368/?ref_=bo_cso_table_30,630,Glass,"$111,048,468",2019,James McAvoy
/title/tt3079380/?ref_=bo_cso_table_31,631,Spy,"$110,825,712",2015,Melissa McCarthy
/title/tt0942385/?ref_=bo_cso_table_32,632,Tropic Thunder,"$110,515,313",2008,Ben Stiller
/title/tt3741700/?ref_=bo_cso_table_33,633,Godzilla: King of the Monsters,"$110,500,138",2019,Kyle Chandler
/title/tt0817230/?ref_=bo_cso_table_34,634,Valentine's Day,"$110,485,654",2010,Julia Roberts
/title/tt0391198/?ref_=bo_cso_table_35,635,The Grudge,"$110,359,362",2004,Sarah Michelle Gellar
/title/tt0369441/?ref_=bo_cso_table_36,636,Fun with Dick and Jane,"$110,332,737",2005,Jim Carrey
/title/tt0322330/?ref_=bo_cso_table_37,637,Freaky Friday,"$110,230,332",2003,Jamie Lee Curtis
/title/tt3152624/?ref_=bo_cso_table_38,638,Trainwreck,"$110,212,700",2015,Amy Schumer
/title/tt0960731/?ref_=bo_cso_table_39,639,Bedtime Stories,"$110,101,975",2008,Adam Sandler
/title/tt0306047/?ref_=bo_cso_table_40,640,Scary Movie 3,"$110,003,217",2003,Anna Faris
/title/tt3076658/?ref_=bo_cso_table_41,641,Creed,"$109,767,581",2015,Michael B. Jordan
/title/tt0092007/?ref_=bo_cso_table_42,642,Star Trek IV: The Voyage Home,"$109,713,132",1986,William Shatner
/title/tt0405422/?ref_=bo_cso_table_43,643,The 40-Year-Old Virgin,"$109,449,237",2005,Steve Carell
/title/tt0092493/?ref_=bo_cso_table_44,644,Crocodile Dundee II,"$109,306,210",1988,Paul Hogan
/title/tt1078940/?ref_=bo_cso_table_45,645,Couples Retreat,"$109,204,945",2009,Vince Vaughn
/title/tt0073486/?ref_=bo_cso_table_46,646,One Flew Over the Cuckoo's Nest,"$108,981,275",1975,Jack Nicholson
/title/tt0117913/?ref_=bo_cso_table_47,647,A Time to Kill,"$108,766,007",1996,Matthew McConaughey
/title/tt0265086/?ref_=bo_cso_table_48,648,Black Hawk Down,"$108,638,745",2001,Josh Hartnett
/title/tt0086425/?ref_=bo_cso_table_49,649,Terms of Endearment,"$108,423,489",1983,Shirley MacLaine
/title/tt0112281/?ref_=bo_cso_table_50,650,Ace Ventura: When Nature Calls,"$108,385,533",1995,Jim Carrey
/title/tt1987680/?ref_=bo_cso_table_51,651,The Upside,"$108,252,517",2019,Kevin Hart
/title/tt0247638/?ref_=bo_cso_table_52,652,The Princess Diaries,"$108,248,956",2001,Julie Andrews
/title/tt0081573/?ref_=bo_cso_table_53,653,Superman II,"$108,185,706",1981,Gene Hackman
/title/tt3281548/?ref_=bo_cso_table_54,654,Little Women,"$108,101,214",2019,Saoirse Ronan
/title/tt1411704/?ref_=bo_cso_table_55,655,Hop,"$108,085,305",2011,Russell Brand
/title/tt0110912/?ref_=bo_cso_table_56,656,Pulp Fiction,"$107,928,762",1994,John Travolta
/title/tt1179904/?ref_=bo_cso_table_57,657,Paranormal Activity,"$107,918,810",2009,Katie Featherston
/title/tt3890160/?ref_=bo_cso_table_58,658,Baby Driver,"$107,825,862",2017,Ansel Elgort
/title/tt0104694/?ref_=bo_cso_table_59,659,A League of Their Own,"$107,533,928",1992,Tom Hanks
/title/tt0848537/?ref_=bo_cso_table_60,660,Epic,"$107,518,682",2013,Amanda Seyfried
/title/tt0409459/?ref_=bo_cso_table_61,661,Watchmen,"$107,509,799",2009,Jackie Earle Haley
/title/tt1985949/?ref_=bo_cso_table_62,662,The Angry Birds Movie,"$107,509,366",2016,Jason Sudeikis
/title/tt0118688/?ref_=bo_cso_table_63,663,Batman & Robin,"$107,353,792",1997,Arnold Schwarzenegger
/title/tt1535109/?ref_=bo_cso_table_64,664,Captain Phillips,"$107,100,855",2013,Tom Hanks
/title/tt0947798/?ref_=bo_cso_table_65,665,Black Swan,"$106,954,678",2010,Natalie Portman
/title/tt0122933/?ref_=bo_cso_table_66,666,Analyze This,"$106,885,658",1999,Robert De Niro
/title/tt0120630/?ref_=bo_cso_table_67,667,Chicken Run,"$106,834,564",2000,Mel Gibson
/title/tt0212346/?ref_=bo_cso_table_68,668,Miss Congeniality,"$106,807,667",2000,Sandra Bullock
/title/tt0107211/?ref_=bo_cso_table_69,669,Indecent Proposal,"$106,614,059",1993,Robert Redford
/title/tt0097239/?ref_=bo_cso_table_70,670,Driving Miss Daisy,"$106,593,296",1989,Morgan Freeman
/title/tt1253863/?ref_=bo_cso_table_71,671,300: Rise of an Empire,"$106,580,051",2014,Sullivan Stapleton
/title/tt0066011/?ref_=bo_cso_table_72,672,Love Story,"$106,550,690",1970,Ali MacGraw
/title/tt0113189/?ref_=bo_cso_table_73,673,GoldenEye,"$106,429,941",1995,Pierce Brosnan
/title/tt0079417/?ref_=bo_cso_table_74,674,Kramer vs. Kramer,"$106,260,000",1979,Dustin Hoffman
/title/tt0317740/?ref_=bo_cso_table_75,675,The Italian Job,"$106,128,601",2003,Donald Sutherland
/title/tt0251127/?ref_=bo_cso_table_76,676,How to Lose a Guy in 10 Days,"$105,813,373",2003,Kate Hudson
/title/tt3513498/?ref_=bo_cso_table_77,677,The Lego Movie 2: The Second Part,"$105,806,508",2019,Chris Pratt
/title/tt0116313/?ref_=bo_cso_table_78,678,The First Wives Club,"$105,489,203",1996,Goldie Hawn
/title/tt0955308/?ref_=bo_cso_table_79,679,Robin Hood,"$105,269,730",2010,Russell Crowe
/title/tt0110148/?ref_=bo_cso_table_80,680,Interview with the Vampire: The Vampire Chronicles,"$105,264,608",1994,Brad Pitt
/title/tt0119190/?ref_=bo_cso_table_81,681,George of the Jungle,"$105,263,257",1997,Brendan Fraser
/title/tt5503686/?ref_=bo_cso_table_82,682,Hustlers,"$104,963,598",2019,Constance Wu
/title/tt0061722/?ref_=bo_cso_table_83,683,The Graduate,"$104,945,305",1967,Dustin Hoffman
/title/tt4765284/?ref_=bo_cso_table_84,684,Pitch Perfect 3,"$104,897,530",2017,Anna Kendrick
/title/tt0117333/?ref_=bo_cso_table_85,685,Phenomenon,"$104,636,382",1996,John Travolta
/title/tt0328828/?ref_=bo_cso_table_86,686,American Wedding,"$104,565,114",2003,Jason Biggs
/title/tt0257044/?ref_=bo_cso_table_87,687,Road to Perdition,"$104,454,762",2002,Tom Hanks
/title/tt0780521/?ref_=bo_cso_table_88,688,The Princess and the Frog,"$104,400,899",2009,Anika Noni Rose
/title/tt0980970/?ref_=bo_cso_table_89,689,The Chronicles of Narnia: The Voyage of the Dawn Treader,"$104,386,950",2010,Ben Barnes
/title/tt0317303/?ref_=bo_cso_table_90,690,Daddy Day Care,"$104,297,061",2003,Eddie Murphy
/title/tt5657846/?ref_=bo_cso_table_91,691,Daddy's Home 2,"$104,029,443",2017,Will Ferrell
/title/tt1778304/?ref_=bo_cso_table_92,692,Paranormal Activity 3,"$104,028,807",2011,Chloe Csengery
/title/tt1397514/?ref_=bo_cso_table_93,693,Journey 2: The Mysterious Island,"$103,860,290",2012,Josh Hutcherson
/title/tt7959026/?ref_=bo_cso_table_94,694,The Mule,"$103,804,407",2018,Clint Eastwood
/title/tt0099422/?ref_=bo_cso_table_95,695,Dick Tracy,"$103,738,726",1990,Warren Beatty
/title/tt1446192/?ref_=bo_cso_table_96,696,Rise of the Guardians,"$103,412,758",2012,Hugh Jackman
/title/tt0443489/?ref_=bo_cso_table_97,697,Dreamgirls,"$103,365,956",2006,Beyoncé
/title/tt0080319/?ref_=bo_cso_table_98,698,9 to 5,"$103,290,500",1980,Jane Fonda
/title/tt1628841/?ref_=bo_cso_table_99,699,Independence Day: Resurgence,"$103,144,286",2016,Liam Hemsworth
/title/tt1320253/?ref_=bo_cso_table_100,700,The Expendables,"$103,068,524",2010,Sylvester Stallone
/title/tt0117571/?ref_=bo_cso_table_101,701,Scream,"$103,046,663",1996,Neve Campbell
/title/tt1564367/?ref_=bo_cso_table_102,702,Just Go with It,"$103,028,109",2011,Adam Sandler
/title/tt3402236/?ref_=bo_cso_table_103,703,Murder on the Orient Express,"$102,826,543",2017,Kenneth Branagh
/title/tt0144214/?ref_=bo_cso_table_104,704,The General's Daughter,"$102,705,852",1999,John Travolta
/title/tt0338751/?ref_=bo_cso_table_105,705,The Aviator,"$102,610,330",2004,Leonardo DiCaprio
/title/tt0163651/?ref_=bo_cso_table_106,706,American Pie,"$102,561,004",1999,Jason Biggs
/title/tt0287978/?ref_=bo_cso_table_107,707,Daredevil,"$102,543,518",2003,Ben Affleck
/title/tt1568346/?ref_=bo_cso_table_108,708,The Girl with the Dragon Tattoo,"$102,515,793",2011,Daniel Craig
/title/tt0859163/?ref_=bo_cso_table_109,709,The Mummy: Tomb of the Dragon Emperor,"$102,491,776",2008,Brendan Fraser
/title/tt3065204/?ref_=bo_cso_table_110,710,The Conjuring 2,"$102,470,008",2016,Vera Farmiga
/title/tt1790864/?ref_=bo_cso_table_111,711,The Maze Runner,"$102,427,862",2014,Dylan O'Brien
/title/tt0107206/?ref_=bo_cso_table_112,712,In the Line of Fire,"$102,314,823",1993,Clint Eastwood
/title/tt0064115/?ref_=bo_cso_table_113,713,Butch Cassidy and the Sundance Kid,"$102,308,889",1969,Paul Newman
/title/tt0058331/?ref_=bo_cso_table_114,714,Mary Poppins,"$102,272,727",1964,Julie Andrews
/title/tt0034492/?ref_=bo_cso_table_115,715,Bambi,"$102,247,150",1942,Hardie Albright
/title/tt5140878/?ref_=bo_cso_table_116,716,Annabelle: Creation,"$102,092,201",2017,Anthony LaPaglia
/title/tt3766354/?ref_=bo_cso_table_117,717,The Equalizer 2,"$102,084,362",2018,Denzel Washington
/title/tt3063516/?ref_=bo_cso_table_118,718,Bad Grandpa,"$102,003,019",2013,Johnny Knoxville
/title/tt1663662/?ref_=bo_cso_table_119,719,Pacific Rim,"$101,802,906",2013,Idris Elba
/title/tt0373051/?ref_=bo_cso_table_120,720,Journey to the Center of the Earth,"$101,704,370",2008,Brendan Fraser
/title/tt0187078/?ref_=bo_cso_table_121,721,Gone in 60 Seconds,"$101,648,571",2000,Nicolas Cage
/title/tt0110478/?ref_=bo_cso_table_122,722,Maverick,"$101,631,272",1994,Mel Gibson
/title/tt0102945/?ref_=bo_cso_table_123,723,Sleeping with the Enemy,"$101,599,005",1991,Julia Roberts
/title/tt0455944/?ref_=bo_cso_table_124,724,The Equalizer,"$101,530,738",2014,Denzel Washington
/title/tt1245492/?ref_=bo_cso_table_125,725,This Is the End,"$101,470,202",2013,James Franco
/title/tt1059786/?ref_=bo_cso_table_126,726,Eagle Eye,"$101,440,743",2008,Shia LaBeouf
/title/tt0120794/?ref_=bo_cso_table_127,727,The Prince of Egypt,"$101,413,188",1998,Val Kilmer
/title/tt0120082/?ref_=bo_cso_table_128,728,Scream 2,"$101,363,301",1997,Neve Campbell
/title/tt0081562/?ref_=bo_cso_table_129,729,Stir Crazy,"$101,300,000",1980,Gene Wilder
/title/tt0116213/?ref_=bo_cso_table_130,730,Eraser,"$101,295,562",1996,Arnold Schwarzenegger
/title/tt1959490/?ref_=bo_cso_table_131,731,Noah,"$101,200,044",2014,Russell Crowe
/title/tt0105695/?ref_=bo_cso_table_132,732,Unforgiven,"$101,157,447",1992,Clint Eastwood
/title/tt0312528/?ref_=bo_cso_table_133,733,The Cat in the Hat,"$101,149,285",2003,Mike Myers
/title/tt0118880/?ref_=bo_cso_table_134,734,Con Air,"$101,117,573",1997,Nicolas Cage
/title/tt0162661/?ref_=bo_cso_table_135,735,Sleepy Hollow,"$101,071,502",1999,Johnny Depp
/title/tt2231461/?ref_=bo_cso_table_136,736,Rampage,"$101,028,233",2018,Dwayne Johnson
/title/tt0369339/?ref_=bo_cso_table_137,737,Collateral,"$101,005,703",2004,Tom Cruise
/title/tt0118884/?ref_=bo_cso_table_138,738,Contact,"$100,920,329",1997,Jodie Foster
/title/tt0305357/?ref_=bo_cso_table_139,739,Charlie's Angels: Full Throttle,"$100,830,111",2003,Drew Barrymore
/title/tt0107798/?ref_=bo_cso_table_140,740,The Pelican Brief,"$100,768,056",1993,Julia Roberts
/title/tt1620981/?ref_=bo_cso_table_141,741,The Addams Family,"$100,723,831",2019,Oscar Isaac
/title/tt0259711/?ref_=bo_cso_table_142,742,Vanilla Sky,"$100,618,344",2001,Tom Cruise
/title/tt2543164/?ref_=bo_cso_table_143,743,Arrival,"$100,546,139",2016,Amy Adams
/title/tt1231583/?ref_=bo_cso_table_144,744,Due Date,"$100,539,043",2010,Robert Downey Jr.
/title/tt0113497/?ref_=bo_cso_table_145,745,Jumanji,"$100,499,940",1995,Robin Williams
/title/tt0134067/?ref_=bo_cso_table_146,746,The Rugrats Movie,"$100,494,675",1998,Elizabeth Daily
/title/tt0405159/?ref_=bo_cso_table_147,747,Million Dollar Baby,"$100,492,203",2004,Hilary Swank
/title/tt0065377/?ref_=bo_cso_table_148,748,Airport,"$100,489,151",1970,Burt Lancaster
/title/tt1620680/?ref_=bo_cso_table_149,749,A Wrinkle in Time,"$100,478,608",2018,Storm Reid
/title/tt0838283/?ref_=bo_cso_table_150,750,Step Brothers,"$100,468,793",2008,Will Ferrell
/title/tt0413099/?ref_=bo_cso_table_151,751,Evan Almighty,"$100,462,298",2007,Steve Carell
/title/tt4477536/?ref_=bo_cso_table_152,752,Fifty Shades Freed,"$100,407,760",2018,Dakota Johnson
/title/tt0112642/?ref_=bo_cso_table_153,753,Casper,"$100,328,194",1995,Bill Pullman
/title/tt0138097/?ref_=bo_cso_table_154,754,Shakespeare in Love,"$100,317,794",1998,Gwyneth Paltrow
/title/tt1284575/?ref_=bo_cso_table_155,755,Bad Teacher,"$100,292,856",2011,Cameron Diaz
/title/tt1302067/?ref_=bo_cso_table_156,756,Yogi Bear,"$100,246,011",2010,Dan Aykroyd
/title/tt0409847/?ref_=bo_cso_table_157,757,Cowboys & Aliens,"$100,240,551",2011,Daniel Craig
/title/tt4649466/?ref_=bo_cso_table_158,758,Kingsman: The Golden Circle,"$100,234,838",2017,Taron Egerton
/title/tt1631867/?ref_=bo_cso_table_159,759,Edge of Tomorrow,"$100,206,256",2014,Tom Cruise
/title/tt0116583/?ref_=bo_cso_table_160,760,The Hunchback of Notre Dame,"$100,138,851",1996,Demi Moore
/title/tt0114369/?ref_=bo_cso_table_161,761,Se7en,"$100,125,643",1995,Morgan Freeman
/title/tt0098067/?ref_=bo_cso_table_162,762,Parenthood,"$100,047,830",1989,Steve Martin
/title/tt0960144/?ref_=bo_cso_table_163,763,You Don't Mess with the Zohan,"$100,018,837",2008,Adam Sandler
/title/tt1355644/?ref_=bo_cso_table_164,764,Passengers,"$100,014,699",2016,Jennifer Lawrence
/title/tt0112864/?ref_=bo_cso_table_165,765,Die Hard with a Vengeance,"$100,012,499",1995,Bruce Willis
/title/tt0377981/?ref_=bo_cso_table_166,766,Gnomeo & Juliet,"$99,967,670",2011,James McAvoy
/title/tt4575576/?ref_=bo_cso_table_167,767,Christopher Robin,"$99,215,042",2018,Ewan McGregor
/title/tt0119282/?ref_=bo_cso_table_168,768,Hercules,"$99,112,101",1997,Tate Donovan
/title/tt2302755/?ref_=bo_cso_table_169,769,Olympus Has Fallen,"$98,925,640",2013,Gerard Butler
/title/tt0990407/?ref_=bo_cso_table_170,770,The Green Hornet,"$98,780,042",2011,Seth Rogen
/title/tt1279935/?ref_=bo_cso_table_171,771,Date Night,"$98,711,404",2010,Steve Carell
/title/tt0088939/?ref_=bo_cso_table_172,772,The Color Purple,"$98,467,863",1985,Danny Glover
/title/tt0396555/?ref_=bo_cso_table_173,773,Meet the Robinsons,"$97,822,171",2007,Daniel Hansen
/title/tt1068680/?ref_=bo_cso_table_174,774,Yes Man,"$97,690,976",2008,Jim Carrey
/title/tt1700841/?ref_=bo_cso_table_175,775,Sausage Party,"$97,685,686",2016,Seth Rogen
/title/tt0141369/?ref_=bo_cso_table_176,776,Inspector Gadget,"$97,403,112",1999,Matthew Broderick
/title/tt1152836/?ref_=bo_cso_table_177,777,Public Enemies,"$97,104,620",2009,Christian Bale
/title/tt1285016/?ref_=bo_cso_table_178,778,The Social Network,"$96,962,694",2010,Jesse Eisenberg
/title/tt0108052/?ref_=bo_cso_table_179,779,Schindler's List,"$96,898,818",1993,Liam Neeson
/title/tt6398184/?ref_=bo_cso_table_180,780,Downton Abbey,"$96,854,135",2019,Stephen Campbell Moore
/title/tt0230600/?ref_=bo_cso_table_181,781,The Others,"$96,522,687",2001,Nicole Kidman
/title/tt0250494/?ref_=bo_cso_table_182,782,Legally Blonde,"$96,520,674",2001,Reese Witherspoon
/title/tt0258000/?ref_=bo_cso_table_183,783,Panic Room,"$96,397,334",2002,Jodie Foster
/title/tt2066051/?ref_=bo_cso_table_184,784,Rocketman,"$96,368,160",2019,Taron Egerton
/title/tt0097165/?ref_=bo_cso_table_185,785,Dead Poets Society,"$95,860,116",1989,Robin Williams
/title/tt1790885/?ref_=bo_cso_table_186,786,Zero Dark Thirty,"$95,720,716",2012,Jessica Chastain
/title/tt0477051/?ref_=bo_cso_table_187,787,Norbit,"$95,673,607",2007,Eddie Murphy
/title/tt0159365/?ref_=bo_cso_table_188,788,Cold Mountain,"$95,636,509",2003,Jude Law
/title/tt0082031/?ref_=bo_cso_table_189,789,Arthur,"$95,461,682",1981,Dudley Moore
/title/tt1261945/?ref_=bo_cso_table_190,790,Sex and the City 2,"$95,347,692",2010,Sarah Jessica Parker
/title/tt0117038/?ref_=bo_cso_table_191,791,Michael,"$95,318,203",1996,John Travolta
/title/tt0368933/?ref_=bo_cso_table_192,792,The Princess Diaries 2: Royal Engagement,"$95,170,481",2004,Anne Hathaway
/title/tt0453562/?ref_=bo_cso_table_193,793,42,"$95,020,213",2013,Chadwick Boseman
/title/tt0217869/?ref_=bo_cso_table_194,794,Unbreakable,"$95,011,339",2000,Bruce Willis
/title/tt1037705/?ref_=bo_cso_table_195,795,The Book of Eli,"$94,835,059",2010,Denzel Washington
/title/tt0443649/?ref_=bo_cso_table_196,796,"10,000 BC","$94,784,201",2008,Camilla Belle
/title/tt1014775/?ref_=bo_cso_table_197,797,Beverly Hills Chihuahua,"$94,514,402",2008,Drew Barrymore
/title/tt0076666/?ref_=bo_cso_table_198,798,Saturday Night Fever,"$94,213,184",1977,John Travolta
/title/tt1135503/?ref_=bo_cso_table_199,799,Julie & Julia,"$94,125,426",2009,Amy Adams
/title/tt0120746/?ref_=bo_cso_table_200,800,The Mask of Zorro,"$94,095,523",1998,Antonio Banderas
/title/tt0252076/?ref_=bo_cso_table_1,801,Maid in Manhattan,"$94,011,225",2002,Jennifer Lopez
/title/tt1001508/?ref_=bo_cso_table_2,802,He's Just Not That Into You,"$93,953,653",2009,Ginnifer Goodwin
/title/tt0311113/?ref_=bo_cso_table_3,803,Master and Commander: The Far Side of the World,"$93,927,920",2003,Russell Crowe
/title/tt1907668/?ref_=bo_cso_table_4,804,Flight,"$93,772,375",2012,Denzel Washington
/title/tt0964517/?ref_=bo_cso_table_5,805,The Fighter,"$93,617,009",2010,Mark Wahlberg
/title/tt0265029/?ref_=bo_cso_table_6,806,America's Sweethearts,"$93,607,673",2001,Julia Roberts
/title/tt0048280/?ref_=bo_cso_table_7,807,Lady and the Tramp,"$93,602,326",1955,Barbara Luddy
/title/tt0825232/?ref_=bo_cso_table_8,808,The Bucket List,"$93,466,502",2007,Jack Nicholson
/title/tt1964418/?ref_=bo_cso_table_9,809,Tomorrowland,"$93,436,322",2015,George Clooney
/title/tt2404435/?ref_=bo_cso_table_10,810,The Magnificent Seven,"$93,432,655",2016,Denzel Washington
/title/tt0239395/?ref_=bo_cso_table_11,811,Cats & Dogs,"$93,385,515",2001,Alec Baldwin
/title/tt0290296/?ref_=bo_cso_table_12,812,Space Station 3D,"$93,383,953",2002,Tom Cruise
/title/tt0313737/?ref_=bo_cso_table_13,813,Two Weeks Notice,"$93,354,851",2002,Sandra Bullock
/title/tt0289765/?ref_=bo_cso_table_14,814,Red Dragon,"$93,149,898",2002,Anthony Hopkins
/title/tt0042332/?ref_=bo_cso_table_15,815,Cinderella,"$93,141,149",1950,Ilene Woods
/title/tt0098635/?ref_=bo_cso_table_16,816,When Harry Met Sally...,"$93,075,866",1989,Billy Crystal
/title/tt1535108/?ref_=bo_cso_table_17,817,Elysium,"$93,050,117",2013,Matt Damon
/title/tt5034838/?ref_=bo_cso_table_18,818,Godzilla vs. Kong,"$93,018,000",2021,Alexander Skarsgård
/title/tt0119137/?ref_=bo_cso_table_19,819,Flubber,"$92,977,226",1997,Robin Williams
/title/tt0085549/?ref_=bo_cso_table_20,820,Flashdance,"$92,921,203",1983,Jennifer Beals
/title/tt0840361/?ref_=bo_cso_table_21,821,The Town,"$92,186,262",2010,Ben Affleck
/title/tt2024469/?ref_=bo_cso_table_22,822,Non-Stop,"$92,168,600",2014,Liam Neeson
/title/tt0109446/?ref_=bo_cso_table_23,823,The Client,"$92,115,211",1994,Susan Sarandon
/title/tt1856101/?ref_=bo_cso_table_24,824,Blade Runner 2049,"$92,054,159",2017,Harrison Ford
/title/tt4425200/?ref_=bo_cso_table_25,825,John Wick: Chapter 2,"$92,029,184",2017,Keanu Reeves
/title/tt0117731/?ref_=bo_cso_table_26,826,Star Trek: First Contact,"$92,027,888",1996,Patrick Stewart
/title/tt1621045/?ref_=bo_cso_table_27,827,Think Like a Man,"$91,547,205",2012,Chris Brown
/title/tt0099938/?ref_=bo_cso_table_28,828,Kindergarten Cop,"$91,457,688",1990,Arnold Schwarzenegger
/title/tt1929263/?ref_=bo_cso_table_29,829,Heaven Is for Real,"$91,443,253",2014,Greg Kinnear
/title/tt0171363/?ref_=bo_cso_table_30,830,The Haunting,"$91,411,151",1999,Liam Neeson
/title/tt0112740/?ref_=bo_cso_table_31,831,Crimson Tide,"$91,387,195",1995,Gene Hackman
/title/tt0090685/?ref_=bo_cso_table_32,832,Back to School,"$91,258,000",1986,Rodney Dangerfield
/title/tt2869728/?ref_=bo_cso_table_33,833,Ride Along 2,"$91,221,830",2016,Ice Cube
/title/tt0120686/?ref_=bo_cso_table_34,834,Stepmom,"$91,137,662",1998,Julia Roberts
/title/tt2084970/?ref_=bo_cso_table_35,835,The Imitation Game,"$91,125,683",2014,Benedict Cumberbatch
/title/tt0087538/?ref_=bo_cso_table_36,836,The Karate Kid,"$91,077,276",1984,Ralph Macchio
/title/tt0206275/?ref_=bo_cso_table_37,837,Save the Last Dance,"$91,057,006",2001,Julia Stiles
/title/tt0277296/?ref_=bo_cso_table_38,838,The Scorpion King,"$91,047,077",2002,Dwayne Johnson
/title/tt0473075/?ref_=bo_cso_table_39,839,Prince of Persia: The Sands of Time,"$90,759,676",2010,Jake Gyllenhaal
/title/tt0120587/?ref_=bo_cso_table_40,840,Antz,"$90,757,863",1998,Woody Allen
/title/tt0362120/?ref_=bo_cso_table_41,841,Scary Movie 4,"$90,710,620",2006,Anna Faris
/title/tt0492956/?ref_=bo_cso_table_42,842,The Game Plan,"$90,648,202",2007,Dwayne Johnson
/title/tt0183505/?ref_=bo_cso_table_43,843,"Me, Myself & Irene","$90,570,999",2000,Jim Carrey
/title/tt0962726/?ref_=bo_cso_table_44,844,High School Musical 3: Senior Year,"$90,559,416",2008,Zac Efron
/title/tt1142800/?ref_=bo_cso_table_45,845,Madea Goes to Jail,"$90,508,336",2009,Tyler Perry
/title/tt0186566/?ref_=bo_cso_table_46,846,Space Cowboys,"$90,464,773",2000,Clint Eastwood
/title/tt0117705/?ref_=bo_cso_table_47,847,Space Jam,"$90,418,342",1996,Michael Jordan
/title/tt2561572/?ref_=bo_cso_table_48,848,Get Hard,"$90,411,453",2015,Will Ferrell
/title/tt0086465/?ref_=bo_cso_table_49,849,Trading Places,"$90,404,800",1983,Eddie Murphy
/title/tt1245526/?ref_=bo_cso_table_50,850,RED,"$90,380,162",2010,Bruce Willis
/title/tt1691917/?ref_=bo_cso_table_51,851,Planes,"$90,288,712",2013,Carlos Alazraqui
/title/tt0333780/?ref_=bo_cso_table_52,852,Legally Blonde 2,"$90,186,328",2003,Reese Witherspoon
/title/tt0327056/?ref_=bo_cso_table_53,853,Mystic River,"$90,135,191",2003,Sean Penn
/title/tt1340138/?ref_=bo_cso_table_54,854,Terminator Genisys,"$89,760,956",2015,Arnold Schwarzenegger
/title/tt0408790/?ref_=bo_cso_table_55,855,Flightplan,"$89,707,299",2005,Jodie Foster
/title/tt0120917/?ref_=bo_cso_table_56,856,The Emperor's New Groove,"$89,636,687",2000,David Spade
/title/tt0101862/?ref_=bo_cso_table_57,857,Father of the Bride,"$89,325,780",1991,Steve Martin
/title/tt1210819/?ref_=bo_cso_table_58,858,The Lone Ranger,"$89,302,115",2013,Johnny Depp
/title/tt2446042/?ref_=bo_cso_table_59,859,Taken 3,"$89,256,424",2015,Liam Neeson
/title/tt4160708/?ref_=bo_cso_table_60,860,Don't Breathe,"$89,217,875",2016,Stephen Lang
/title/tt0134084/?ref_=bo_cso_table_61,861,Scream 3,"$89,143,175",2000,David Arquette
/title/tt1483013/?ref_=bo_cso_table_62,862,Oblivion,"$89,107,235",2013,Tom Cruise
/title/tt1142988/?ref_=bo_cso_table_63,863,The Ugly Truth,"$88,915,214",2009,Katherine Heigl
/title/tt0814255/?ref_=bo_cso_table_64,864,Percy Jackson & the Olympians: The Lightning Thief,"$88,768,303",2010,Logan Lerman
/title/tt0427229/?ref_=bo_cso_table_65,865,Failure to Launch,"$88,715,192",2006,Matthew McConaughey
/title/tt1204342/?ref_=bo_cso_table_66,866,The Muppets,"$88,631,237",2011,Amy Adams
/title/tt0454848/?ref_=bo_cso_table_67,867,Inside Man,"$88,513,495",2006,Denzel Washington
/title/tt0099088/?ref_=bo_cso_table_68,868,Back to the Future Part III,"$88,277,583",1990,Michael J. Fox
/title/tt0114898/?ref_=bo_cso_table_69,869,Waterworld,"$88,246,220",1995,Kevin Costner
/title/tt0335438/?ref_=bo_cso_table_70,870,Starsky & Hutch,"$88,237,754",2004,Ben Stiller
/title/tt0343135/?ref_=bo_cso_table_71,871,Along Came Polly,"$88,097,164",2004,Ben Stiller
/title/tt0104389/?ref_=bo_cso_table_72,872,The Hand That Rocks the Cradle,"$88,036,683",1992,Annabella Sciorra
/title/tt0137494/?ref_=bo_cso_table_73,873,Entrapment,"$87,704,396",1999,Sean Connery
/title/tt0046183/?ref_=bo_cso_table_74,874,Peter Pan,"$87,404,651",1953,Bobby Driscoll
/title/tt0910936/?ref_=bo_cso_table_75,875,Pineapple Express,"$87,341,380",2008,Seth Rogen
/title/tt1935859/?ref_=bo_cso_table_76,876,Miss Peregrine's Home for Peculiar Children,"$87,242,834",2016,Eva Green
/title/tt0120661/?ref_=bo_cso_table_77,877,Everest,"$87,178,599",1998,Liam Neeson
/title/tt0089755/?ref_=bo_cso_table_78,878,Out of Africa,"$87,071,205",1985,Meryl Streep
/title/tt1850457/?ref_=bo_cso_table_79,879,Sisters,"$87,044,645",2015,Amy Poehler
/title/tt0432348/?ref_=bo_cso_table_80,880,Saw II,"$87,039,965",2005,Donnie Wahlberg
/title/tt0102510/?ref_=bo_cso_table_81,881,The Naked Gun 2½: The Smell of Fear,"$86,930,411",1991,Leslie Nielsen
/title/tt1790886/?ref_=bo_cso_table_82,882,The Campaign,"$86,907,746",2012,Will Ferrell
/title/tt0098621/?ref_=bo_cso_table_83,883,The War of the Roses,"$86,888,546",1989,Michael Douglas
/title/tt0078767/?ref_=bo_cso_table_84,884,The Amityville Horror,"$86,432,000",1979,James Brolin
/title/tt0100404/?ref_=bo_cso_table_85,885,Presumed Innocent,"$86,303,188",1990,Harrison Ford
/title/tt0072431/?ref_=bo_cso_table_86,886,Young Frankenstein,"$86,273,333",1974,Gene Wilder
/title/tt2140479/?ref_=bo_cso_table_87,887,The Accountant,"$86,260,045",2016,Ben Affleck
/title/tt2096672/?ref_=bo_cso_table_88,888,Dumb and Dumber To,"$86,208,010",2014,Jim Carrey
/title/tt4877122/?ref_=bo_cso_table_89,889,The Emoji Movie,"$86,089,513",2017,T.J. Miller
/title/tt0377092/?ref_=bo_cso_table_90,890,Mean Girls,"$86,058,055",2004,Lindsay Lohan
/title/tt1823664/?ref_=bo_cso_table_91,891,Annie,"$85,911,262",2014,Quvenzhané Wallis
/title/tt2974918/?ref_=bo_cso_table_92,892,Alvin and the Chipmunks: The Road Chip,"$85,886,987",2015,Jason Lee
/title/tt0287717/?ref_=bo_cso_table_93,893,Spy Kids 2: Island of Lost Dreams,"$85,846,429",2002,Alexa PenaVega
/title/tt0437086/?ref_=bo_cso_table_94,894,Alita: Battle Angel,"$85,838,210",2019,Rosa Salazar
/title/tt2713180/?ref_=bo_cso_table_95,895,Fury,"$85,817,906",2014,Brad Pitt
/title/tt0190641/?ref_=bo_cso_table_96,896,Pokémon: The First Movie - Mewtwo Strikes Back,"$85,744,662",1999,Veronica Taylor
/title/tt0433035/?ref_=bo_cso_table_97,897,Real Steel,"$85,468,508",2011,Hugh Jackman
/title/tt0345950/?ref_=bo_cso_table_98,898,The SpongeBob SquarePants Movie,"$85,417,988",2004,Tom Kenny
/title/tt3717490/?ref_=bo_cso_table_99,899,Power Rangers,"$85,364,450",2017,Dacre Montgomery
/title/tt0328880/?ref_=bo_cso_table_100,900,Brother Bear,"$85,336,277",2003,Joaquin Phoenix
/title/tt0083131/?ref_=bo_cso_table_101,901,Stripes,"$85,297,000",1981,Bill Murray
/title/tt0357413/?ref_=bo_cso_table_102,902,Anchorman: The Legend of Ron Burgundy,"$85,288,303",2004,Will Ferrell
/title/tt0077523/?ref_=bo_cso_table_103,903,Every Which Way but Loose,"$85,196,485",1978,Clint Eastwood
/title/tt0079817/?ref_=bo_cso_table_104,904,Rocky II,"$85,182,160",1979,Sylvester Stallone
/title/tt0090605/?ref_=bo_cso_table_105,905,Aliens,"$85,160,248",1986,Sigourney Weaver
/title/tt0400717/?ref_=bo_cso_table_106,906,Open Season,"$85,105,259",2006,Ashton Kutcher
/title/tt6966692/?ref_=bo_cso_table_107,907,Green Book,"$85,080,171",2018,Viggo Mortensen
/title/tt1764651/?ref_=bo_cso_table_108,908,The Expendables 2,"$85,028,192",2012,Sylvester Stallone
/title/tt0112792/?ref_=bo_cso_table_109,909,Dangerous Minds,"$84,919,401",1995,Michelle Pfeiffer
/title/tt1536044/?ref_=bo_cso_table_110,910,Paranormal Activity 2,"$84,752,907",2010,Katie Featherston
/title/tt0098384/?ref_=bo_cso_table_111,911,Steel Magnolias,"$84,614,512",1989,Shirley MacLaine
/title/tt0069113/?ref_=bo_cso_table_112,912,The Poseidon Adventure,"$84,563,118",1972,Gene Hackman
/title/tt2103254/?ref_=bo_cso_table_113,913,Tammy,"$84,525,432",2014,Melissa McCarthy
/title/tt0452681/?ref_=bo_cso_table_114,914,The Santa Clause 3: The Escape Clause,"$84,500,122",2006,Tim Allen
/title/tt3411444/?ref_=bo_cso_table_115,915,Ferdinand,"$84,410,380",2017,John Cena
/title/tt1570728/?ref_=bo_cso_table_116,916,"Crazy, Stupid, Love.","$84,351,197",2011,Steve Carell
/title/tt3322940/?ref_=bo_cso_table_117,917,Annabelle,"$84,273,813",2014,Ward Horton
/title/tt0032910/?ref_=bo_cso_table_118,918,Pinocchio,"$84,254,167",1940,Dickie Jones
/title/tt0331632/?ref_=bo_cso_table_119,919,Scooby-Doo 2: Monsters Unleashed,"$84,216,833",2004,Freddie Prinze Jr.
/title/tt7713068/?ref_=bo_cso_table_120,920,Birds of Prey,"$84,158,461",2020,Margot Robbie
/title/tt0230011/?ref_=bo_cso_table_121,921,Atlantis: The Lost Empire,"$84,056,472",2001,Michael J. Fox
/title/tt0106582/?ref_=bo_cso_table_122,922,Cliffhanger,"$84,049,211",1993,Sylvester Stallone
/title/tt2203939/?ref_=bo_cso_table_123,923,The Other Woman,"$83,911,193",2014,Cameron Diaz
/title/tt0120902/?ref_=bo_cso_table_124,924,The X Files,"$83,898,313",1998,David Duchovny
/title/tt1911658/?ref_=bo_cso_table_125,925,Penguins of Madagascar,"$83,850,911",2014,Tom McGrath
/title/tt0095016/?ref_=bo_cso_table_126,926,Die Hard,"$83,844,093",1988,Bruce Willis
/title/tt1193138/?ref_=bo_cso_table_127,927,Up in the Air,"$83,823,381",2009,George Clooney
/title/tt1646987/?ref_=bo_cso_table_128,928,Wrath of the Titans,"$83,670,083",2012,Sam Worthington
/title/tt2226417/?ref_=bo_cso_table_129,929,Insidious: Chapter 2,"$83,586,447",2013,Patrick Wilson
/title/tt0105690/?ref_=bo_cso_table_130,930,Under Siege,"$83,563,139",1992,Steven Seagal
/title/tt1217613/?ref_=bo_cso_table_131,931,Battle Los Angeles,"$83,552,429",2011,Aaron Eckhart
/title/tt1253864/?ref_=bo_cso_table_132,932,Immortals,"$83,504,017",2011,Henry Cavill
/title/tt6450186/?ref_=bo_cso_table_133,933,I Can Only Imagine,"$83,482,352",2018,J. Michael Finley
/title/tt0078788/?ref_=bo_cso_table_134,934,Apocalypse Now,"$83,471,511",1979,Martin Sheen
/title/tt0080339/?ref_=bo_cso_table_135,935,Airplane!,"$83,453,539",1980,Robert Hays
/title/tt0105112/?ref_=bo_cso_table_136,936,Patriot Games,"$83,351,587",1992,Harrison Ford
/title/tt2140373/?ref_=bo_cso_table_137,937,Saving Mr. Banks,"$83,301,580",2013,Emma Thompson
/title/tt6182908/?ref_=bo_cso_table_138,938,Smallfoot,"$83,240,103",2018,Channing Tatum
/title/tt6977338/?ref_=bo_cso_table_139,939,Good Boys,"$83,140,306",2019,Jacob Tremblay
/title/tt0985699/?ref_=bo_cso_table_140,940,Valkyrie,"$83,077,833",2008,Tom Cruise
/title/tt0388795/?ref_=bo_cso_table_141,941,Brokeback Mountain,"$83,043,761",2005,Jake Gyllenhaal
/title/tt1860353/?ref_=bo_cso_table_142,942,Turbo,"$83,028,128",2013,Ryan Reynolds
/title/tt0109635/?ref_=bo_cso_table_143,943,Disclosure,"$83,015,089",1994,Michael Douglas
/title/tt0413895/?ref_=bo_cso_table_144,944,Charlotte's Web,"$82,985,708",2006,Dakota Fanning
/title/tt0369735/?ref_=bo_cso_table_145,945,Monster-in-Law,"$82,931,301",2005,Jennifer Lopez
/title/tt0368578/?ref_=bo_cso_table_146,946,Are We There Yet?,"$82,674,398",2005,Ice Cube
/title/tt0099371/?ref_=bo_cso_table_147,947,Days of Thunder,"$82,670,733",1990,Tom Cruise
/title/tt0329101/?ref_=bo_cso_table_148,948,Freddy vs. Jason,"$82,622,655",2003,Robert Englund
/title/tt0079945/?ref_=bo_cso_table_149,949,Star Trek: The Motion Picture,"$82,604,699",1979,William Shatner
/title/tt1033575/?ref_=bo_cso_table_150,950,The Descendants,"$82,584,160",2011,George Clooney
/title/tt0452598/?ref_=bo_cso_table_151,951,Cheaper by the Dozen 2,"$82,571,173",2005,Steve Martin
/title/tt0113862/?ref_=bo_cso_table_152,952,Mr. Holland's Opus,"$82,569,971",1995,Richard Dreyfuss
/title/tt0103874/?ref_=bo_cso_table_153,953,Dracula,"$82,522,790",1992,Gary Oldman
/title/tt0101921/?ref_=bo_cso_table_154,954,Fried Green Tomatoes,"$82,418,501",1991,Kathy Bates
/title/tt1924435/?ref_=bo_cso_table_155,955,Let's Be Cops,"$82,390,774",2014,Jake Johnson
/title/tt0187738/?ref_=bo_cso_table_156,956,Blade II,"$82,348,319",2002,Wesley Snipes
/title/tt0442933/?ref_=bo_cso_table_157,957,Beowulf,"$82,280,579",2007,Ray Winstone
/title/tt0398808/?ref_=bo_cso_table_158,958,Bridge to Terabithia,"$82,272,442",2007,Josh Hutcherson
/title/tt0383216/?ref_=bo_cso_table_159,959,The Pink Panther,"$82,226,474",2006,Steve Martin
/title/tt3949660/?ref_=bo_cso_table_160,960,Teenage Mutant Ninja Turtles: Out of the Shadows,"$82,051,601",2016,Megan Fox
/title/tt6294822/?ref_=bo_cso_table_161,961,The Post,"$81,903,458",2017,Meryl Streep
/title/tt0078748/?ref_=bo_cso_table_162,962,Alien,"$81,900,459",1979,Sigourney Weaver
/title/tt0077766/?ref_=bo_cso_table_163,963,Jaws 2,"$81,766,007",1978,Roy Scheider
/title/tt4046784/?ref_=bo_cso_table_164,964,Maze Runner: The Scorch Trials,"$81,697,192",2015,Dylan O'Brien
/title/tt0077663/?ref_=bo_cso_table_165,965,Heaven Can Wait,"$81,640,278",1978,Warren Beatty
/title/tt0397313/?ref_=bo_cso_table_166,966,Eight Below,"$81,612,565",2006,Paul Walker
/title/tt0066026/?ref_=bo_cso_table_167,967,MASH,"$81,600,000",1970,Donald Sutherland
/title/tt0477080/?ref_=bo_cso_table_168,968,Unstoppable,"$81,562,942",2010,Denzel Washington
/title/tt0120784/?ref_=bo_cso_table_169,969,Payback,"$81,526,121",1999,Mel Gibson
/title/tt2637276/?ref_=bo_cso_table_170,970,Ted 2,"$81,476,385",2015,Mark Wahlberg
/title/tt0134119/?ref_=bo_cso_table_171,971,The Talented Mr. Ripley,"$81,298,265",1999,Matt Damon
/title/tt0332379/?ref_=bo_cso_table_172,972,School of Rock,"$81,261,177",2003,Jack Black
/title/tt0087928/?ref_=bo_cso_table_173,973,Police Academy,"$81,198,894",1984,Steve Guttenberg
/title/tt0281373/?ref_=bo_cso_table_174,974,Snow Dogs,"$81,172,560",2002,Cuba Gooding Jr.
/title/tt0478087/?ref_=bo_cso_table_175,975,21,"$81,159,365",2008,Jim Sturgess
/title/tt0114924/?ref_=bo_cso_table_176,976,While You Were Sleeping,"$81,057,016",1995,Sandra Bullock
/title/tt0112715/?ref_=bo_cso_table_177,977,Congo,"$81,022,101",1995,Laura Linney
/title/tt0332280/?ref_=bo_cso_table_178,978,The Notebook,"$81,001,787",2004,Gena Rowlands
/title/tt0268397/?ref_=bo_cso_table_179,979,Jimmy Neutron: Boy Genius,"$80,936,232",2001,Debi Derryberry
/title/tt0099044/?ref_=bo_cso_table_180,980,Another 48 Hrs.,"$80,818,974",1990,Eddie Murphy
/title/tt0093565/?ref_=bo_cso_table_181,981,Moonstruck,"$80,640,528",1987,Cher
/title/tt0879870/?ref_=bo_cso_table_182,982,Eat Pray Love,"$80,574,010",2010,Julia Roberts
/title/tt0324216/?ref_=bo_cso_table_183,983,The Texas Chainsaw Massacre,"$80,571,655",2003,Jessica Biel
/title/tt1222817/?ref_=bo_cso_table_184,984,Zookeeper,"$80,360,843",2011,Kevin James
/title/tt0370263/?ref_=bo_cso_table_185,985,Alien vs. Predator,"$80,282,231",2004,Sanaa Lathan
/title/tt1033643/?ref_=bo_cso_table_186,986,What Happens in Vegas,"$80,277,646",2008,Cameron Diaz
/title/tt0377818/?ref_=bo_cso_table_187,987,The Dukes of Hazzard,"$80,270,227",2005,Seann William Scott
/title/tt0120888/?ref_=bo_cso_table_188,988,The Wedding Singer,"$80,245,725",1998,Adam Sandler
/title/tt0489270/?ref_=bo_cso_table_189,989,Saw III,"$80,238,724",2006,Tobin Bell
/title/tt2345759/?ref_=bo_cso_table_190,990,The Mummy,"$80,227,895",2017,Tom Cruise
/title/tt0486822/?ref_=bo_cso_table_191,991,Disturbia,"$80,209,692",2007,Shia LaBeouf
/title/tt0457510/?ref_=bo_cso_table_192,992,Nacho Libre,"$80,197,993",2006,Jack Black
/title/tt0489099/?ref_=bo_cso_table_193,993,Jumper,"$80,172,128",2008,Hayden Christensen
/title/tt1051904/?ref_=bo_cso_table_194,994,Goosebumps,"$80,080,379",2015,Jack Black
/title/tt0790724/?ref_=bo_cso_table_195,995,Jack Reacher,"$80,070,736",2012,Tom Cruise
/title/tt1060277/?ref_=bo_cso_table_196,996,Cloverfield,"$80,048,433",2008,Mike Vogel
/title/tt0087277/?ref_=bo_cso_table_197,997,Footloose,"$80,035,402",1984,Kevin Bacon
/title/tt0989757/?ref_=bo_cso_table_198,998,Dear John,"$80,014,842",2010,Channing Tatum
/title/tt2283336/?ref_=bo_cso_table_199,999,Men in Black: International,"$80,001,807",2019,Chris Hemsworth
/title/tt0075265/?ref_=bo_cso_table_200,"1,000",A Star Is Born,"$80,000,000",1976,Barbra Streisand
